ds,y
1989-12-28 11:0:0,242.35
1989-12-28 12:0:0,234.27
1989-12-28 13:0:0,221.82
1989-12-28 14:0:0,221.48
1989-12-28 15:0:0,215.39
1989-12-28 16:0:0,210.67
1989-12-28 17:0:0,210.04
1989-12-28 18:0:0,211.83
1989-12-28 19:0:0,210.75
1989-12-28 20:0:0,204.96
1989-12-28 21:0:0,189.84
1989-12-28 22:0:0,185.04
1989-12-28 23:0:0,174.7
1989-12-29 0:0:0,166.71
1989-12-29 1:0:0,165.14
1989-12-29 2:0:0,165.91
1989-12-29 3:0:0,167.85
1989-12-29 4:0:0,171.98
1989-12-29 5:0:0,187.26
1989-12-29 6:0:0,201.07
1989-12-29 7:0:0,217.04
1989-12-29 8:0:0,233.58
1989-12-29 9:0:0,238.63
1989-12-29 10:0:0,236.51
1989-12-29 11:0:0,239.07
1989-12-29 12:0:0,233.76
1989-12-29 13:0:0,231.87
1989-12-29 14:0:0,217.1
1989-12-29 15:0:0,213.54
1989-12-29 16:0:0,210.25
1989-12-29 17:0:0,207.46
1989-12-29 18:0:0,208.31
1989-12-29 19:0:0,215.01
1989-12-29 20:0:0,207.03
1989-12-29 21:0:0,200.56
1989-12-29 22:0:0,186.44
1989-12-29 23:0:0,169.98
1989-12-30 0:0:0,160.05
1989-12-30 1:0:0,157.8
1989-12-30 2:0:0,160.44
1989-12-30 3:0:0,165.55
1989-12-30 4:0:0,172.34
1989-12-30 5:0:0,181.9
1989-12-30 6:0:0,192.18
1989-12-30 7:0:0,204.1
1989-12-30 8:0:0,213.24
1989-12-30 9:0:0,227.48
1989-12-30 10:0:0,244.81
1989-12-30 11:0:0,259.7
1989-12-30 12:0:0,267.44
1989-12-30 13:0:0,257.32
1989-12-30 14:0:0,245.01
1989-12-30 15:0:0,233.85
1989-12-30 16:0:0,231.3
1989-12-30 17:0:0,222.17
1989-12-30 18:0:0,217.02
1989-12-30 19:0:0,211.08
1989-12-30 20:0:0,203.88
1989-12-30 21:0:0,202.45
1989-12-30 22:0:0,198.53
1989-12-30 23:0:0,185.45
1989-12-31 0:0:0,174.74
1989-12-31 1:0:0,170.21
1989-12-31 2:0:0,180.4
1989-12-31 3:0:0,184.71
1989-12-31 4:0:0,186.26
1989-12-31 5:0:0,190.82
1989-12-31 6:0:0,196.35
1989-12-31 7:0:0,206.95
1989-12-31 8:0:0,214.88
1989-12-31 9:0:0,223.9
1989-12-31 10:0:0,241.52
1989-12-31 11:0:0,264.16
1989-12-31 12:0:0,268.72
1989-12-31 13:0:0,262.27
1989-12-31 14:0:0,253.64
1989-12-31 15:0:0,242.7
1989-12-31 16:0:0,238.32
1989-12-31 17:0:0,234.68
1989-12-31 18:0:0,231.85
1989-12-31 19:0:0,227.92
1989-12-31 20:0:0,223.98
1989-12-31 21:0:0,219.77
1989-12-31 22:0:0,216.51
1989-12-31 23:0:0,209.02
1990-1-1 0:0:0,200.48
1990-1-1 1:0:0,205.16
1990-1-1 2:0:0,199.67
1990-1-1 3:0:0,200.46
1990-1-1 4:0:0,189.6
1990-1-1 5:0:0,185.59
1990-1-1 6:0:0,193.79
1990-1-1 7:0:0,204.3
1990-1-1 8:0:0,210.88
1990-1-1 9:0:0,212.89
1990-1-1 10:0:0,219.34
1990-1-1 11:0:0,227.74
1990-1-1 12:0:0,233.38
1990-1-1 13:0:0,236.06
1990-1-1 14:0:0,236.13
1990-1-1 15:0:0,232.46
1990-1-1 16:0:0,227.42
1990-1-1 17:0:0,222.78
1990-1-1 18:0:0,222.49
1990-1-1 19:0:0,220.89
1990-1-1 20:0:0,219.46
1990-1-1 21:0:0,199.65
1990-1-1 22:0:0,178.28
1990-1-1 23:0:0,169.84
1990-1-2 0:0:0,157.53
1990-1-2 1:0:0,153.5
1990-1-2 2:0:0,155.7
1990-1-2 3:0:0,173.58
1990-1-2 4:0:0,181.86
1990-1-2 5:0:0,191.1
1990-1-2 6:0:0,207.72
1990-1-2 7:0:0,233.26
1990-1-2 8:0:0,257.02
1990-1-2 9:0:0,265.85
1990-1-2 10:0:0,264.18
1990-1-2 11:0:0,255.74
1990-1-2 12:0:0,129.58
1990-1-2 13:0:0,124.8
1990-1-2 14:0:0,151.69
1990-1-2 15:0:0,233.54
1990-1-2 16:0:0,230.9
1990-1-2 17:0:0,230.57
1990-1-2 18:0:0,237.2
1990-1-2 19:0:0,243.16
1990-1-2 20:0:0,243.57
1990-1-2 21:0:0,223.1
1990-1-2 22:0:0,214.11
1990-1-2 23:0:0,198.18
1990-1-3 0:0:0,179.81
1990-1-3 1:0:0,175.15
1990-1-3 2:0:0,176.8
1990-1-3 3:0:0,186.58
1990-1-3 4:0:0,193.14
1990-1-3 5:0:0,205.63
1990-1-3 6:0:0,232.59
1990-1-3 7:0:0,250.04
1990-1-3 8:0:0,290.49
1990-1-3 9:0:0,183.76
1990-1-3 10:0:0,134.36
1990-1-3 11:0:0,149.35
1990-1-3 12:0:0,219.01
1990-1-3 13:0:0,244.55
1990-1-3 14:0:0,257.43
1990-1-3 15:0:0,251.61
1990-1-3 16:0:0,245.71
1990-1-3 17:0:0,243.31
1990-1-3 18:0:0,250.85
1990-1-3 19:0:0,250.16
1990-1-3 20:0:0,248.13
1990-1-3 21:0:0,239.44
1990-1-3 22:0:0,231.51
1990-1-3 23:0:0,223.23
1990-1-4 0:0:0,214.42
1990-1-4 1:0:0,210.43
1990-1-4 2:0:0,205.12
1990-1-4 3:0:0,207.38
1990-1-4 4:0:0,213.76
1990-1-4 5:0:0,222.88
1990-1-4 6:0:0,241.84
1990-1-4 7:0:0,260.86
1990-1-4 8:0:0,280.09
1990-1-4 9:0:0,283.26
1990-1-4 10:0:0,278.61
1990-1-4 11:0:0,275.45
1990-1-4 12:0:0,274.17
1990-1-4 13:0:0,269.25
1990-1-4 14:0:0,270.06
1990-1-4 15:0:0,268.82
1990-1-4 16:0:0,262.65
1990-1-4 17:0:0,259.91
1990-1-4 18:0:0,261.62
1990-1-4 19:0:0,264.22
1990-1-4 20:0:0,255.45
1990-1-4 21:0:0,244.28
1990-1-4 22:0:0,229.21
1990-1-4 23:0:0,217.1
1990-1-5 0:0:0,203
1990-1-5 1:0:0,190.43
1990-1-5 2:0:0,186.18
1990-1-5 3:0:0,186.71
1990-1-5 4:0:0,191.81
1990-1-5 5:0:0,202.11
1990-1-5 6:0:0,226.4
1990-1-5 7:0:0,247.13
1990-1-5 8:0:0,264.36
1990-1-5 9:0:0,264.75
1990-1-5 10:0:0,266.32
1990-1-5 11:0:0,262.27
1990-1-5 12:0:0,258.36
1990-1-5 13:0:0,254.15
1990-1-5 14:0:0,247.84
1990-1-5 15:0:0,245.63
1990-1-5 16:0:0,239.12
1990-1-5 17:0:0,231.51
1990-1-5 18:0:0,232.08
1990-1-5 19:0:0,232.28
1990-1-5 20:0:0,224.79
1990-1-5 21:0:0,215.86
1990-1-5 22:0:0,209.21
1990-1-5 23:0:0,194.6
1990-1-6 0:0:0,179.54
1990-1-6 1:0:0,172.65
1990-1-6 2:0:0,170.45
1990-1-6 3:0:0,171.33
1990-1-6 4:0:0,173.34
1990-1-6 5:0:0,179.28
1990-1-6 6:0:0,187.76
1990-1-6 7:0:0,195.17
1990-1-6 8:0:0,212.91
1990-1-6 9:0:0,223.88
1990-1-6 10:0:0,229.9
1990-1-6 11:0:0,235.72
1990-1-6 12:0:0,237.32
1990-1-6 13:0:0,234.52
1990-1-6 14:0:0,228.66
1990-1-6 15:0:0,219.08
1990-1-6 16:0:0,215.78
1990-1-6 17:0:0,217.98
1990-1-6 18:0:0,225.97
1990-1-6 19:0:0,226.54
1990-1-6 20:0:0,217.22
1990-1-6 21:0:0,210.43
1990-1-6 22:0:0,206.4
1990-1-6 23:0:0,201.8
1990-1-7 0:0:0,194.68
1990-1-7 1:0:0,193.97
1990-1-7 2:0:0,194.46
1990-1-7 3:0:0,193.07
1990-1-7 4:0:0,192.06
1990-1-7 5:0:0,194.11
1990-1-7 6:0:0,195.39
1990-1-7 7:0:0,192.67
1990-1-7 8:0:0,190.06
1990-1-7 9:0:0,192.51
1990-1-7 10:0:0,196.41
1990-1-7 11:0:0,198.79
1990-1-7 12:0:0,202.7
1990-1-7 13:0:0,204
1990-1-7 14:0:0,201.96
1990-1-7 15:0:0,198.91
1990-1-7 16:0:0,195.46
1990-1-7 17:0:0,196.43
1990-1-7 18:0:0,200.01
1990-1-7 19:0:0,199.99
1990-1-7 20:0:0,201.74
1990-1-7 21:0:0,195.86
1990-1-7 22:0:0,189.98
1990-1-7 23:0:0,183.86
1990-1-8 0:0:0,172.75
1990-1-8 1:0:0,168.8
1990-1-8 2:0:0,164.84
1990-1-8 3:0:0,169.29
1990-1-8 4:0:0,173.14
1990-1-8 5:0:0,179.5
1990-1-8 6:0:0,197.71
1990-1-8 7:0:0,213.83
1990-1-8 8:0:0,225.77
1990-1-8 9:0:0,211.06
1990-1-8 10:0:0,210.21
1990-1-8 11:0:0,206.05
1990-1-8 12:0:0,198.38
1990-1-8 13:0:0,192.67
1990-1-8 14:0:0,187.85
1990-1-8 15:0:0,184.1
1990-1-8 16:0:0,185.45
1990-1-8 17:0:0,190.04
1990-1-8 18:0:0,206.52
1990-1-8 19:0:0,211.4
1990-1-8 20:0:0,203.96
1990-1-8 21:0:0,198.65
1990-1-8 22:0:0,193.52
1990-1-8 23:0:0,184.94
1990-1-9 0:0:0,174.89
1990-1-9 1:0:0,170.47
1990-1-9 2:0:0,165.16
1990-1-9 3:0:0,159.16
1990-1-9 4:0:0,162.17
1990-1-9 5:0:0,169.54
1990-1-9 6:0:0,187.36
1990-1-9 7:0:0,203.78
1990-1-9 8:0:0,215.78
1990-1-9 9:0:0,218.32
1990-1-9 10:0:0,213.46
1990-1-9 11:0:0,210.43
1990-1-9 12:0:0,210.55
1990-1-9 13:0:0,202.43
1990-1-9 14:0:0,196.29
1990-1-9 15:0:0,181.01
1990-1-9 16:0:0,182.78
1990-1-9 17:0:0,206.24
1990-1-9 18:0:0,204.3
1990-1-9 19:0:0,199.69
1990-1-9 20:0:0,201.25
1990-1-9 21:0:0,194.52
1990-1-9 22:0:0,184.14
1990-1-9 23:0:0,176.53
1990-1-10 0:0:0,168.9
1990-1-10 1:0:0,162.41
1990-1-10 2:0:0,160.65
1990-1-10 3:0:0,162.03
1990-1-10 4:0:0,166.08
1990-1-10 5:0:0,181.23
1990-1-10 6:0:0,201.38
1990-1-10 7:0:0,211.93
1990-1-10 8:0:0,221.5
1990-1-10 9:0:0,219.01
1990-1-10 10:0:0,213.34
1990-1-10 11:0:0,206.99
1990-1-10 12:0:0,206.24
1990-1-10 13:0:0,202.55
1990-1-10 14:0:0,201.01
1990-1-10 15:0:0,191.18
1990-1-10 16:0:0,190.51
1990-1-10 17:0:0,192.24
1990-1-10 18:0:0,190.71
1990-1-10 19:0:0,192.06
1990-1-10 20:0:0,198.93
1990-1-10 21:0:0,187.99
1990-1-10 22:0:0,178.43
1990-1-10 23:0:0,168.64
1990-1-11 0:0:0,153.28
1990-1-11 1:0:0,152.57
1990-1-11 2:0:0,151.31
1990-1-11 3:0:0,151.85
1990-1-11 4:0:0,154.05
1990-1-11 5:0:0,163.23
1990-1-11 6:0:0,178.63
1990-1-11 7:0:0,190.8
1990-1-11 8:0:0,187.72
1990-1-11 9:0:0,184.14
1990-1-11 10:0:0,187.34
1990-1-11 11:0:0,184.24
1990-1-11 12:0:0,183.04
1990-1-11 13:0:0,176.35
1990-1-11 14:0:0,173.63
1990-1-11 15:0:0,173.56
1990-1-11 16:0:0,170.31
1990-1-11 17:0:0,170.49
1990-1-11 18:0:0,179.18
1990-1-11 19:0:0,180.09
1990-1-11 20:0:0,181.6
1990-1-11 21:0:0,175.62
1990-1-11 22:0:0,165.51
1990-1-11 23:0:0,163.09
1990-1-12 0:0:0,155.44
1990-1-12 1:0:0,152
1990-1-12 2:0:0,148.32
1990-1-12 3:0:0,149.17
1990-1-12 4:0:0,152.67
1990-1-12 5:0:0,156.58
1990-1-12 6:0:0,171.16
1990-1-12 7:0:0,199.34
1990-1-12 8:0:0,211.77
1990-1-12 9:0:0,208.21
1990-1-12 10:0:0,203.21
1990-1-12 11:0:0,192.95
1990-1-12 12:0:0,188.35
1990-1-12 13:0:0,184.2
1990-1-12 14:0:0,186.46
1990-1-12 15:0:0,188.48
1990-1-12 16:0:0,184.18
1990-1-12 17:0:0,187.62
1990-1-12 18:0:0,192.02
1990-1-12 19:0:0,189.74
1990-1-12 20:0:0,191.12
1990-1-12 21:0:0,176.8
1990-1-12 22:0:0,166.16
1990-1-12 23:0:0,158.08
1990-1-13 0:0:0,148.01
1990-1-13 1:0:0,141.66
1990-1-13 2:0:0,140.77
1990-1-13 3:0:0,142.9
1990-1-13 4:0:0,144.98
1990-1-13 5:0:0,151.18
1990-1-13 6:0:0,160.73
1990-1-13 7:0:0,171.08
1990-1-13 8:0:0,179.63
1990-1-13 9:0:0,189.03
1990-1-13 10:0:0,198.06
1990-1-13 11:0:0,205.55
1990-1-13 12:0:0,192.46
1990-1-13 13:0:0,175.41
1990-1-13 14:0:0,170.1
1990-1-13 15:0:0,167.36
1990-1-13 16:0:0,168.82
1990-1-13 17:0:0,172.63
1990-1-13 18:0:0,183.45
1990-1-13 19:0:0,190.19
1990-1-13 20:0:0,195.78
1990-1-13 21:0:0,191.41
1990-1-13 22:0:0,182.86
1990-1-13 23:0:0,166.44
1990-1-14 0:0:0,155.56
1990-1-14 1:0:0,145.39
1990-1-14 2:0:0,142.33
1990-1-14 3:0:0,145.1
1990-1-14 4:0:0,160.89
1990-1-14 5:0:0,170.94
1990-1-14 6:0:0,177.84
1990-1-14 7:0:0,186.5
1990-1-14 8:0:0,185.32
1990-1-14 9:0:0,189.31
1990-1-14 10:0:0,203.82
1990-1-14 11:0:0,211.02
1990-1-14 12:0:0,213.95
1990-1-14 13:0:0,213.28
1990-1-14 14:0:0,206.97
1990-1-14 15:0:0,203.76
1990-1-14 16:0:0,196.96
1990-1-14 17:0:0,190.69
1990-1-14 18:0:0,190.94
1990-1-14 19:0:0,192.83
1990-1-14 20:0:0,191
1990-1-14 21:0:0,185.61
1990-1-14 22:0:0,179.61
1990-1-14 23:0:0,170.31
1990-1-15 0:0:0,165.55
1990-1-15 1:0:0,161.85
1990-1-15 2:0:0,159.16
1990-1-15 3:0:0,160.75
1990-1-15 4:0:0,169.78
1990-1-15 5:0:0,182.58
1990-1-15 6:0:0,212.14
1990-1-15 7:0:0,224.18
1990-1-15 8:0:0,235.35
1990-1-15 9:0:0,224.81
1990-1-15 10:0:0,211.47
1990-1-15 11:0:0,199.65
1990-1-15 12:0:0,194.48
1990-1-15 13:0:0,191.28
1990-1-15 14:0:0,187.6
1990-1-15 15:0:0,180.46
1990-1-15 16:0:0,179.59
1990-1-15 17:0:0,178.77
1990-1-15 18:0:0,186.42
1990-1-15 19:0:0,187.58
1990-1-15 20:0:0,184.18
1990-1-15 21:0:0,174.3
1990-1-15 22:0:0,171.94
1990-1-15 23:0:0,159.34
1990-1-15 0:0:0,147.71
1990-1-16 1:0:0,139.83
1990-1-16 2:0:0,134.52
1990-1-16 3:0:0,133.54
1990-1-16 4:0:0,140.91
1990-1-16 5:0:0,154.95
1990-1-16 6:0:0,170.49
1990-1-16 7:0:0,188.44
1990-1-16 8:0:0,216.96
1990-1-16 9:0:0,202.21
1990-1-16 10:0:0,198.61
1990-1-16 11:0:0,196.43
1990-1-16 12:0:0,179.83
1990-1-16 13:0:0,169.15
1990-1-16 14:0:0,172.12
1990-1-16 15:0:0,169.88
1990-1-16 16:0:0,176.21
1990-1-16 17:0:0,177.65
1990-1-16 18:0:0,180.24
1990-1-16 19:0:0,180.74
1990-1-16 20:0:0,178.37
1990-1-16 21:0:0,174.97
1990-1-16 22:0:0,161.68
1990-1-16 23:0:0,152.65
1990-1-17 0:0:0,141.13
1990-1-17 1:0:0,134.64
1990-1-17 2:0:0,133.79
1990-1-17 3:0:0,135.07
1990-1-17 4:0:0,142.52
1990-1-17 5:0:0,150.23
1990-1-17 6:0:0,173.66
1990-1-17 7:0:0,196.72
1990-1-17 8:0:0,203.96
1990-1-17 9:0:0,198.51
1990-1-17 10:0:0,192.32
1990-1-17 11:0:0,186.93
1990-1-17 12:0:0,186.48
1990-1-17 13:0:0,188.23
1990-1-17 14:0:0,185.08
1990-1-17 15:0:0,182.23
1990-1-17 16:0:0,190.51
1990-1-17 17:0:0,191.16
1990-1-17 18:0:0,194.99
1990-1-17 19:0:0,195.8
1990-1-17 20:0:0,193.4
1990-1-17 21:0:0,191.32
1990-1-17 22:0:0,181.5
1990-1-17 23:0:0,171.3
1990-1-18 0:0:0,160.73
1990-1-18 1:0:0,153.54
1990-1-18 2:0:0,149.13
1990-1-18 3:0:0,149.31
1990-1-18 4:0:0,153.46
1990-1-18 5:0:0,162.66
1990-1-18 6:0:0,188.05
1990-1-18 7:0:0,226.26
1990-1-18 8:0:0,226.5
1990-1-18 9:0:0,219.36
1990-1-18 10:0:0,221.41
1990-1-18 11:0:0,213.87
1990-1-18 12:0:0,217.49
1990-1-18 13:0:0,232.87
1990-1-18 14:0:0,231.14
1990-1-18 15:0:0,213.15
1990-1-18 16:0:0,203.7
1990-1-18 17:0:0,196.65
1990-1-18 18:0:0,201.95
1990-1-18 19:0:0,203.53
1990-1-18 20:0:0,203.82
1990-1-18 21:0:0,198.75
1990-1-18 22:0:0,183.02
1990-1-18 23:0:0,176.11
1990-1-18 0:0:0,158.67
1990-1-19 1:0:0,154.97
1990-1-19 2:0:0,152.79
1990-1-19 3:0:0,149.54
1990-1-19 4:0:0,149.58
1990-1-19 5:0:0,167.13
1990-1-19 6:0:0,196.55
1990-1-19 7:0:0,216.17
1990-1-19 8:0:0,227.95
1990-1-19 9:0:0,227.97
1990-1-19 10:0:0,222.15
1990-1-19 11:0:0,214.72
1990-1-19 12:0:0,197.21
1990-1-19 13:0:0,193.07
1990-1-19 14:0:0,195.84
1990-1-19 15:0:0,193.36
1990-1-19 16:0:0,194.64
1990-1-19 17:0:0,199.08
1990-1-19 18:0:0,205.49
1990-1-19 19:0:0,192.28
1990-1-19 20:0:0,182.92
1990-1-19 21:0:0,173.6
1990-1-19 22:0:0,172.16
1990-1-19 23:0:0,167.28
1990-1-20 0:0:0,161.85
1990-1-20 1:0:0,156.13
1990-1-20 2:0:0,153.99
1990-1-20 3:0:0,154.8
1990-1-20 4:0:0,155.58
1990-1-20 5:0:0,158.35
1990-1-20 6:0:0,168.23
1990-1-20 7:0:0,175.76
1990-1-20 8:0:0,189.31
1990-1-20 9:0:0,196.84
1990-1-20 10:0:0,202.35
1990-1-20 11:0:0,203.15
1990-1-20 12:0:0,188.64
1990-1-20 13:0:0,180.24
1990-1-20 14:0:0,179.38
1990-1-20 15:0:0,178.91
1990-1-20 16:0:0,179.42
1990-1-20 17:0:0,188.95
1990-1-20 18:0:0,194.56
1990-1-20 19:0:0,191.47
1990-1-20 20:0:0,181.17
1990-1-20 21:0:0,175.07
1990-1-20 22:0:0,168.07
1990-1-20 23:0:0,160.79
1990-1-21 0:0:0,153.6
1990-1-21 1:0:0,155.76
1990-1-21 2:0:0,153.67
1990-1-21 3:0:0,153.77
1990-1-21 4:0:0,154.11
1990-1-21 5:0:0,155.35
1990-1-21 6:0:0,160.54
1990-1-21 7:0:0,162.49
1990-1-21 8:0:0,164.43
1990-1-21 9:0:0,167.79
1990-1-21 10:0:0,177.73
1990-1-21 11:0:0,183.94
1990-1-21 12:0:0,180.85
1990-1-21 13:0:0,180.64
1990-1-21 14:0:0,178.87
1990-1-21 15:0:0,176.84
1990-1-21 16:0:0,172.77
1990-1-21 17:0:0,171.08
1990-1-21 18:0:0,173.44
1990-1-21 19:0:0,172.2
1990-1-21 20:0:0,170.65
1990-1-21 21:0:0,166.75
1990-1-21 22:0:0,164.57
1990-1-21 23:0:0,158.1
1990-1-22 0:0:0,148.09
1990-1-22 1:0:0,143.21
1990-1-22 2:0:0,143.74
1990-1-22 3:0:0,141.99
1990-1-22 4:0:0,145.45
1990-1-22 5:0:0,150.02
1990-1-22 6:0:0,168.66
1990-1-22 7:0:0,191.04
1990-1-22 8:0:0,196.15
1990-1-22 9:0:0,201.96
1990-1-22 10:0:0,209.02
1990-1-22 11:0:0,205.32
1990-1-22 12:0:0,201.07
1990-1-22 13:0:0,198.49
1990-1-22 14:0:0,193.79
1990-1-22 15:0:0,185.38
1990-1-22 16:0:0,175.99
1990-1-22 17:0:0,176.84
1990-1-22 18:0:0,187.38
1990-1-22 19:0:0,178.93
1990-1-22 20:0:0,178.45
1990-1-22 21:0:0,172.59
1990-1-22 22:0:0,166.97
1990-1-22 23:0:0,159.61
1990-1-23 0:0:0,146.2
1990-1-23 1:0:0,144.67
1990-1-23 2:0:0,144.86
1990-1-23 3:0:0,143.62
1990-1-23 4:0:0,146.3
1990-1-23 5:0:0,153.95
1990-1-23 6:0:0,167.32
1990-1-23 7:0:0,192.89
1990-1-23 8:0:0,215.6
1990-1-23 9:0:0,215.29
1990-1-23 10:0:0,211.71
1990-1-23 11:0:0,201.56
1990-1-23 12:0:0,193.89
1990-1-23 13:0:0,188.82
1990-1-23 14:0:0,188.74
1990-1-23 15:0:0,187.93
1990-1-23 16:0:0,184.85
1990-1-23 17:0:0,187.13
1990-1-23 18:0:0,188.56
1990-1-23 19:0:0,184.65
1990-1-23 20:0:0,183.39
1990-1-23 21:0:0,179.14
1990-1-23 22:0:0,170.76
1990-1-23 23:0:0,162.03
1990-1-24 0:0:0,150.72
1990-1-24 1:0:0,144.63
1990-1-24 2:0:0,140.65
1990-1-24 3:0:0,144.69
1990-1-24 4:0:0,152.99
1990-1-24 5:0:0,166.34
1990-1-24 6:0:0,193.95
1990-1-24 7:0:0,218.89
1990-1-24 8:0:0,223.27
1990-1-24 9:0:0,234.09
1990-1-24 10:0:0,233.03
1990-1-24 11:0:0,229.96
1990-1-24 12:0:0,221.35
1990-1-24 13:0:0,203.92
1990-1-24 14:0:0,201.13
1990-1-24 15:0:0,198.61
1990-1-24 16:0:0,209.6
1990-1-24 17:0:0,214.21
1990-1-24 18:0:0,216.76
1990-1-24 19:0:0,216.61
1990-1-24 20:0:0,207.44
1990-1-24 21:0:0,200.64
1990-1-24 22:0:0,186.65
1990-1-24 23:0:0,174.54
1990-1-25 0:0:0,167.89
1990-1-25 1:0:0,150
1990-1-25 2:0:0,153.01
1990-1-25 3:0:0,158.55
1990-1-25 4:0:0,162.56
1990-1-25 5:0:0,173.89
1990-1-25 6:0:0,203.53
1990-1-25 7:0:0,215.76
1990-1-25 8:0:0,223.39
1990-1-25 9:0:0,226.12
1990-1-25 10:0:0,221.7
1990-1-25 11:0:0,215.11
1990-1-25 12:0:0,212.28
1990-1-25 13:0:0,210.45
1990-1-25 14:0:0,207.8
1990-1-25 15:0:0,207.89
1990-1-25 16:0:0,215.86
1990-1-25 17:0:0,215.31
1990-1-25 18:0:0,212.5
1990-1-25 19:0:0,184.59
1990-1-25 20:0:0,172
1990-1-25 21:0:0,166.59
1990-1-25 22:0:0,165.32
1990-1-25 23:0:0,166.52
1990-1-25 0:0:0,158.26
1990-1-26 1:0:0,160.12
1990-1-26 2:0:0,157.37
1990-1-26 3:0:0,160.12
1990-1-26 4:0:0,172.99
1990-1-26 5:0:0,180
1990-1-26 6:0:0,209.03
1990-1-26 7:0:0,221.8
1990-1-26 8:0:0,223.7
1990-1-26 9:0:0,223.57
1990-1-26 10:0:0,222.1
1990-1-26 11:0:0,217.57
1990-1-26 12:0:0,212.06
1990-1-26 13:0:0,206.38
1990-1-26 14:0:0,203.47
1990-1-26 15:0:0,200.13
1990-1-26 16:0:0,198.99
1990-1-26 17:0:0,200.21
1990-1-26 18:0:0,204.23
1990-1-26 19:0:0,208.97
1990-1-26 20:0:0,211.17
1990-1-26 21:0:0,203.95
1990-1-26 22:0:0,193.27
1990-1-26 23:0:0,187.06
1990-1-27 0:0:0,184.98
1990-1-27 1:0:0,185.88
1990-1-27 2:0:0,186.59
1990-1-27 3:0:0,187.75
1990-1-27 4:0:0,189.93
1990-1-27 5:0:0,193.5
1990-1-27 6:0:0,197.06
1990-1-27 7:0:0,209.07
1990-1-27 8:0:0,202.55
1990-1-27 9:0:0,210.49
1990-1-27 10:0:0,218.51
1990-1-27 11:0:0,220.13
1990-1-27 12:0:0,214.03
1990-1-27 13:0:0,193.71
1990-1-27 14:0:0,183.31
1990-1-27 15:0:0,184.41
1990-1-27 16:0:0,183.84
1990-1-27 17:0:0,190.98
1990-1-27 18:0:0,196.35
1990-1-27 19:0:0,201.52
1990-1-27 20:0:0,196.02
1990-1-27 21:0:0,185.51
1990-1-27 22:0:0,184.2
1990-1-27 23:0:0,177.84
1990-1-28 0:0:0,165.69
1990-1-28 1:0:0,189.88
1990-1-28 2:0:0,173.04
1990-1-28 3:0:0,167.95
1990-1-28 4:0:0,166.5
1990-1-28 5:0:0,177.82
1990-1-28 6:0:0,182.62
1990-1-28 7:0:0,182.39
1990-1-28 8:0:0,183.29
1990-1-28 9:0:0,194.26
1990-1-28 10:0:0,200.74
1990-1-28 11:0:0,198.3
1990-1-28 12:0:0,214.23
1990-1-28 13:0:0,199.97
1990-1-28 14:0:0,190.65
1990-1-28 15:0:0,181.6
1990-1-28 16:0:0,187.83
1990-1-28 17:0:0,196.19
1990-1-28 18:0:0,196.02
1990-1-28 19:0:0,198.34
1990-1-28 20:0:0,201.46
1990-1-28 21:0:0,197.1
1990-1-28 22:0:0,194.85
1990-1-28 23:0:0,188.03
1990-1-29 0:0:0,181.95
1990-1-29 1:0:0,179.38
1990-1-29 2:0:0,179.24
1990-1-29 3:0:0,179.12
1990-1-29 4:0:0,189.23
1990-1-29 5:0:0,201.66
1990-1-29 6:0:0,215.54
1990-1-29 7:0:0,222.57
1990-1-29 8:0:0,229.17
1990-1-29 9:0:0,231.16
1990-1-29 10:0:0,215.58
1990-1-29 11:0:0,211.02
1990-1-29 12:0:0,197.37
1990-1-29 13:0:0,177.53
1990-1-29 14:0:0,177.98
1990-1-29 15:0:0,185.3
1990-1-29 16:0:0,195.07
1990-1-29 17:0:0,194.15
1990-1-29 18:0:0,199.6
1990-1-29 19:0:0,197.39
1990-1-29 20:0:0,196.47
1990-1-29 21:0:0,188.72
1990-1-29 22:0:0,181.97
1990-1-29 23:0:0,172.69
1990-1-29 0:0:0,165.45
1990-1-30 1:0:0,162.25
1990-1-30 2:0:0,163.21
1990-1-30 3:0:0,164.86
1990-1-30 4:0:0,169.07
1990-1-30 5:0:0,184.16
1990-1-30 6:0:0,208.25
1990-1-30 7:0:0,229.23
1990-1-30 8:0:0,227.76
1990-1-30 9:0:0,231.2
1990-1-30 10:0:0,223.61
1990-1-30 11:0:0,215.17
1990-1-30 12:0:0,213.5
1990-1-30 13:0:0,220.91
1990-1-30 14:0:0,214.84
1990-1-30 15:0:0,207.11
1990-1-30 16:0:0,196.02
1990-1-30 17:0:0,198.83
1990-1-30 18:0:0,199.1
1990-1-30 19:0:0,200.56
1990-1-30 20:0:0,188.99
1990-1-30 21:0:0,178.43
1990-1-30 22:0:0,173.24
1990-1-30 23:0:0,167.5
1990-1-31 0:0:0,162.58
1990-1-31 1:0:0,161.66
1990-1-31 2:0:0,157.67
1990-1-31 3:0:0,158.57
1990-1-31 4:0:0,161.44
1990-1-31 5:0:0,167.73
1990-1-31 6:0:0,179.52
1990-1-31 7:0:0,198.87
1990-1-31 8:0:0,219.5
1990-1-31 9:0:0,204.83
1990-1-31 10:0:0,196.39
1990-1-31 11:0:0,195.13
1990-1-31 12:0:0,192.04
1990-1-31 13:0:0,192.42
1990-1-31 14:0:0,190.71
1990-1-31 15:0:0,187.44
1990-1-31 16:0:0,180.5
1990-1-31 17:0:0,175.76
1990-1-31 18:0:0,184.65
1990-1-31 19:0:0,188.38
1990-1-31 20:0:0,186.69
1990-1-31 21:0:0,182.9
1990-1-31 22:0:0,174.48
1990-1-31 23:0:0,165.12
1990-2-1 0:0:0,155.92
1990-2-1 1:0:0,155.38
1990-2-1 2:0:0,154.91
1990-2-1 3:0:0,154.89
1990-2-1 4:0:0,157.88
1990-2-1 5:0:0,166.18
1990-2-1 6:0:0,175.58
1990-2-1 7:0:0,196.47
1990-2-1 8:0:0,210.16
1990-2-1 9:0:0,211.34
1990-2-1 10:0:0,204.49
1990-2-1 11:0:0,197.45
1990-2-1 12:0:0,191.45
1990-2-1 13:0:0,193.46
1990-2-1 14:0:0,187.2
1990-2-1 15:0:0,187.91
1990-2-1 16:0:0,184.43
1990-2-1 17:0:0,182.49
1990-2-1 18:0:0,194.15
1990-2-1 19:0:0,187.81
1990-2-1 20:0:0,181.46
1990-2-1 21:0:0,175.03
1990-2-1 22:0:0,171.04
1990-2-1 23:0:0,162.98
1990-2-2 0:0:0,156.31
1990-2-2 1:0:0,154.87
1990-2-2 2:0:0,154.89
1990-2-2 3:0:0,154.8
1990-2-2 4:0:0,158.9
1990-2-2 5:0:0,166.2
1990-2-2 6:0:0,186.14
1990-2-2 7:0:0,205.44
1990-2-2 8:0:0,223.55
1990-2-2 9:0:0,212.54
1990-2-2 10:0:0,208.73
1990-2-2 11:0:0,204.91
1990-2-2 12:0:0,200.99
1990-2-2 13:0:0,194.34
1990-2-2 14:0:0,185.2
1990-2-2 15:0:0,177.04
1990-2-2 16:0:0,177.04
1990-2-2 17:0:0,180.13
1990-2-2 18:0:0,176.39
1990-2-2 19:0:0,179.36
1990-2-2 20:0:0,183.31
1990-2-2 21:0:0,180.54
1990-2-2 22:0:0,175.43
1990-2-2 23:0:0,166.42
1990-2-3 0:0:0,157.02
1990-2-3 1:0:0,154.07
1990-2-3 2:0:0,153.67
1990-2-3 3:0:0,153.01
1990-2-3 4:0:0,151.84
1990-2-3 5:0:0,153.28
1990-2-3 6:0:0,158
1990-2-3 7:0:0,162.43
1990-2-3 8:0:0,166.02
1990-2-3 9:0:0,185.16
1990-2-3 10:0:0,195.19
1990-2-3 11:0:0,196.86
1990-2-3 12:0:0,197.27
1990-2-3 13:0:0,192.42
1990-2-3 14:0:0,190.08
1990-2-3 15:0:0,183.94
1990-2-3 16:0:0,184.59
1990-2-3 17:0:0,186.4
1990-2-3 18:0:0,186.01
1990-2-3 19:0:0,187.38
1990-2-3 20:0:0,187.54
1990-2-3 21:0:0,186.56
1990-2-3 22:0:0,185.43
1990-2-3 23:0:0,178.89
1990-2-4 0:0:0,169.74
1990-2-4 1:0:0,161.74
1990-2-4 2:0:0,154.99
1990-2-4 3:0:0,153.1
1990-2-4 4:0:0,155.25
1990-2-4 5:0:0,151.53
1990-2-4 6:0:0,157.67
1990-2-4 7:0:0,162.48
1990-2-4 8:0:0,170.13
1990-2-4 9:0:0,184.51
1990-2-4 10:0:0,191.81
1990-2-4 11:0:0,195.62
1990-2-4 12:0:0,193.85
1990-2-4 13:0:0,189.66
1990-2-4 14:0:0,190.84
1990-2-4 15:0:0,184.02
1990-2-4 16:0:0,183.35
1990-2-4 17:0:0,183.61
1990-2-4 18:0:0,187.44
1990-2-4 19:0:0,184.59
1990-2-4 20:0:0,179.83
1990-2-4 21:0:0,173.46
1990-2-4 22:0:0,170.76
1990-2-4 23:0:0,166.32
1990-2-5 0:0:0,161.17
1990-2-5 1:0:0,159.08
1990-2-5 2:0:0,158.57
1990-2-5 3:0:0,158.79
1990-2-5 4:0:0,162.74
1990-2-5 5:0:0,169.37
1990-2-5 6:0:0,182.68
1990-2-5 7:0:0,198.3
1990-2-5 8:0:0,208.09
1990-2-5 9:0:0,209.47
1990-2-5 10:0:0,204.61
1990-2-5 11:0:0,194.09
1990-2-5 12:0:0,182.76
1990-2-5 13:0:0,174.82
1990-2-5 14:0:0,169.39
1990-2-5 15:0:0,164.67
1990-2-5 16:0:0,171
1990-2-5 17:0:0,174.64
1990-2-5 18:0:0,181.46
1990-2-5 19:0:0,193.48
1990-2-5 20:0:0,188.96
1990-2-5 21:0:0,180.42
1990-2-5 22:0:0,174.21
1990-2-5 23:0:0,165.12
1990-2-6 0:0:0,150.96
1990-2-6 1:0:0,148.95
1990-2-6 2:0:0,141.82
1990-2-6 3:0:0,140.63
1990-2-6 4:0:0,147.07
1990-2-6 5:0:0,164.98
1990-2-6 6:0:0,194.76
1990-2-6 7:0:0,223.37
1990-2-6 8:0:0,230.08
1990-2-6 9:0:0,229.72
1990-2-6 10:0:0,215.03
1990-2-6 11:0:0,199.18
1990-2-6 12:0:0,190.51
1990-2-6 13:0:0,172.04
1990-2-6 14:0:0,163.39
1990-2-6 15:0:0,154.58
1990-2-6 16:0:0,155.03
1990-2-6 17:0:0,159.97
1990-2-6 18:0:0,167.48
1990-2-6 19:0:0,171.47
1990-2-6 20:0:0,171.29
1990-2-6 21:0:0,164.51
1990-2-6 22:0:0,160.56
1990-2-6 23:0:0,153.54
1990-2-6 0:0:0,149.84
1990-2-7 1:0:0,149.62
1990-2-7 2:0:0,144.8
1990-2-7 3:0:0,135.17
1990-2-7 4:0:0,140.91
1990-2-7 5:0:0,149.07
1990-2-7 6:0:0,168.62
1990-2-7 7:0:0,186.06
1990-2-7 8:0:0,197
1990-2-7 9:0:0,201.13
1990-2-7 10:0:0,200.42
1990-2-7 11:0:0,195.48
1990-2-7 12:0:0,183.47
1990-2-7 13:0:0,193.05
1990-2-7 14:0:0,199.18
1990-2-7 15:0:0,189.25
1990-2-7 16:0:0,188.13
1990-2-7 17:0:0,190.19
1990-2-7 18:0:0,197.96
1990-2-7 19:0:0,183.1
1990-2-7 20:0:0,179.85
1990-2-7 21:0:0,176.17
1990-2-7 22:0:0,162.31
1990-2-7 23:0:0,154.05
1990-2-8 0:0:0,144.21
1990-2-8 1:0:0,130.86
1990-2-8 2:0:0,133.67
1990-2-8 3:0:0,131.92
1990-2-8 4:0:0,139.49
1990-2-8 5:0:0,148.64
1990-2-8 6:0:0,163.76
1990-2-8 7:0:0,182.03
1990-2-8 8:0:0,199.18
1990-2-8 9:0:0,209.53
1990-2-8 10:0:0,190.84
1990-2-8 11:0:0,184.04
1990-2-8 12:0:0,190.63
1990-2-8 13:0:0,192.22
1990-2-8 14:0:0,181.27
1990-2-8 15:0:0,168.82
1990-2-8 16:0:0,173.75
1990-2-8 17:0:0,181.9
1990-2-8 18:0:0,198.51
1990-2-8 19:0:0,204.3
1990-2-8 20:0:0,200.79
1990-2-8 21:0:0,195.78
1990-2-8 22:0:0,185.81
1990-2-8 23:0:0,174.78
1990-2-9 0:0:0,158.61
1990-2-9 1:0:0,157.39
1990-2-9 2:0:0,157.71
1990-2-9 3:0:0,161.36
1990-2-9 4:0:0,163.41
1990-2-9 5:0:0,173.54
1990-2-9 6:0:0,187.85
1990-2-9 7:0:0,202.64
1990-2-9 8:0:0,219.54
1990-2-9 9:0:0,213.58
1990-2-9 10:0:0,195.84
1990-2-9 11:0:0,175.17
1990-2-9 12:0:0,179.2
1990-2-9 13:0:0,178.04
1990-2-9 14:0:0,171.55
1990-2-9 15:0:0,172.18
1990-2-9 16:0:0,176.05
1990-2-9 17:0:0,179.99
1990-2-9 18:0:0,183.82
1990-2-9 19:0:0,191.26
1990-2-9 20:0:0,188.27
1990-2-9 21:0:0,177.76
1990-2-9 22:0:0,170.63
1990-2-9 23:0:0,157.08
1990-2-10 0:0:0,148.38
1990-2-10 1:0:0,145.79
1990-2-10 2:0:0,144.16
1990-2-10 3:0:0,145.22
1990-2-10 4:0:0,146.61
1990-2-10 5:0:0,148.87
1990-2-10 6:0:0,154.24
1990-2-10 7:0:0,158.24
1990-2-10 8:0:0,172.26
1990-2-10 9:0:0,176.62
1990-2-10 10:0:0,180.77
1990-2-10 11:0:0,185.24
1990-2-10 12:0:0,192.24
1990-2-10 13:0:0,186.04
1990-2-10 14:0:0,183.09
1990-2-10 15:0:0,180.24
1990-2-10 16:0:0,179.61
1990-2-10 17:0:0,181.84
1990-2-10 18:0:0,181.72
1990-2-10 19:0:0,183.9
1990-2-10 20:0:0,180.68
1990-2-10 21:0:0,173.24
1990-2-10 22:0:0,169.09
1990-2-10 23:0:0,164.25
1990-2-10 0:0:0,161.89
1990-2-11 1:0:0,163.66
1990-2-11 2:0:0,162.41
1990-2-11 3:0:0,163.35
1990-2-11 4:0:0,165.2
1990-2-11 5:0:0,162.94
1990-2-11 6:0:0,166.02
1990-2-11 7:0:0,171.53
1990-2-11 8:0:0,172.32
1990-2-11 9:0:0,181.25
1990-2-11 10:0:0,181.84
1990-2-11 11:0:0,186.91
1990-2-11 12:0:0,181.68
1990-2-11 13:0:0,178.18
1990-2-11 14:0:0,168.44
1990-2-11 15:0:0,163.82
1990-2-11 16:0:0,162.88
1990-2-11 17:0:0,171.55
1990-2-11 18:0:0,182.03
1990-2-11 19:0:0,182.37
1990-2-11 20:0:0,195.17
1990-2-11 21:0:0,193.3
1990-2-11 22:0:0,187.5
1990-2-11 23:0:0,169.78
1990-2-12 0:0:0,161.8
1990-2-12 1:0:0,163.55
1990-2-12 2:0:0,166.65
1990-2-12 3:0:0,177.69
1990-2-12 4:0:0,186.85
1990-2-12 5:0:0,202.96
1990-2-12 6:0:0,217.08
1990-2-12 7:0:0,226.2
1990-2-12 8:0:0,237.65
1990-2-12 9:0:0,248.39
1990-2-12 10:0:0,239.01
1990-2-12 11:0:0,223.49
1990-2-12 12:0:0,219.32
1990-2-12 13:0:0,213.18
1990-2-12 14:0:0,206.66
1990-2-12 15:0:0,194.88
1990-2-12 16:0:0,196
1990-2-12 17:0:0,194.54
1990-2-12 18:0:0,204.55
1990-2-12 19:0:0,204.59
1990-2-12 20:0:0,199.65
1990-2-12 21:0:0,198.04
1990-2-12 22:0:0,193.48
1990-2-12 23:0:0,186.42
1990-2-13 0:0:0,175.15
1990-2-13 1:0:0,168.01
1990-2-13 2:0:0,167.91
1990-2-13 3:0:0,164.88
1990-2-13 4:0:0,170.31
1990-2-13 5:0:0,187.99
1990-2-13 6:0:0,198.36
1990-2-13 7:0:0,209.7
1990-2-13 8:0:0,231.61
1990-2-13 9:0:0,220.44
1990-2-13 10:0:0,202.33
1990-2-13 11:0:0,200.58
1990-2-13 12:0:0,191.32
1990-2-13 13:0:0,179.71
1990-2-13 14:0:0,176.55
1990-2-13 15:0:0,175.96
1990-2-13 16:0:0,175.78
1990-2-13 17:0:0,181.56
1990-2-13 18:0:0,200.22
1990-2-13 19:0:0,214.48
1990-2-13 20:0:0,210.59
1990-2-13 21:0:0,202.11
1990-2-13 22:0:0,194.26
1990-2-13 23:0:0,186.36
1990-2-14 0:0:0,166.16
1990-2-14 1:0:0,159.93
1990-2-14 2:0:0,158.08
1990-2-14 3:0:0,169.66
1990-2-14 4:0:0,178.47
1990-2-14 5:0:0,190.02
1990-2-14 6:0:0,211.26
1990-2-14 7:0:0,226.12
1990-2-14 8:0:0,250.06
1990-2-14 9:0:0,252.71
1990-2-14 10:0:0,236.94
1990-2-14 11:0:0,222.98
1990-2-14 12:0:0,206.81
1990-2-14 13:0:0,195.11
1990-2-14 14:0:0,185.1
1990-2-14 15:0:0,181.78
1990-2-14 16:0:0,173.79
1990-2-14 17:0:0,176.35
1990-2-14 18:0:0,196.84
1990-2-14 19:0:0,199.57
1990-2-14 20:0:0,203.78
1990-2-14 21:0:0,198.51
1990-2-14 22:0:0,193.4
1990-2-14 23:0:0,187.21
1990-2-14 0:0:0,179.1
1990-2-15 1:0:0,174.01
1990-2-15 2:0:0,175.58
1990-2-15 3:0:0,178
1990-2-15 4:0:0,179.65
1990-2-15 5:0:0,192.32
1990-2-15 6:0:0,205.02
1990-2-15 7:0:0,227.84
1990-2-15 8:0:0,245.73
1990-2-15 9:0:0,237.47
1990-2-15 10:0:0,234.13
1990-2-15 11:0:0,219.93
1990-2-15 12:0:0,210.08
1990-2-15 13:0:0,195.78
1990-2-15 14:0:0,192.12
1990-2-15 15:0:0,178.81
1990-2-15 16:0:0,179.77
1990-2-15 17:0:0,179.69
1990-2-15 18:0:0,196.11
1990-2-15 19:0:0,201.96
1990-2-15 20:0:0,207.03
1990-2-15 21:0:0,204
1990-2-15 22:0:0,195.92
1990-2-15 23:0:0,188.15
1990-2-16 0:0:0,179.77
1990-2-16 1:0:0,166.81
1990-2-16 2:0:0,166.89
1990-2-16 3:0:0,169.92
1990-2-16 4:0:0,172.71
1990-2-16 5:0:0,178.85
1990-2-16 6:0:0,193.28
1990-2-16 7:0:0,213.99
1990-2-16 8:0:0,228.33
1990-2-16 9:0:0,246.34
1990-2-16 10:0:0,218.24
1990-2-16 11:0:0,217.88
1990-2-16 12:0:0,213.76
1990-2-16 13:0:0,201.68
1990-2-16 14:0:0,207.15
1990-2-16 15:0:0,206.4
1990-2-16 16:0:0,199.75
1990-2-16 17:0:0,200.7
1990-2-16 18:0:0,205.42
1990-2-16 19:0:0,208.52
1990-2-16 20:0:0,207.34
1990-2-16 21:0:0,198.2
1990-2-16 22:0:0,184.12
1990-2-16 23:0:0,173.4
1990-2-17 0:0:0,168.66
1990-2-17 1:0:0,163.51
1990-2-17 2:0:0,151.29
1990-2-17 3:0:0,149.48
1990-2-17 4:0:0,148.88
1990-2-17 5:0:0,157.27
1990-2-17 6:0:0,177.45
1990-2-17 7:0:0,187.03
1990-2-17 8:0:0,194.34
1990-2-17 9:0:0,204.29
1990-2-17 10:0:0,216.06
1990-2-17 11:0:0,213.13
1990-2-17 12:0:0,204.29
1990-2-17 13:0:0,198.14
1990-2-17 14:0:0,196.19
1990-2-17 15:0:0,197.92
1990-2-17 16:0:0,204.16
1990-2-17 17:0:0,204.45
1990-2-17 18:0:0,208.58
1990-2-17 19:0:0,210.31
1990-2-17 20:0:0,204.08
1990-2-17 21:0:0,195.43
1990-2-17 22:0:0,187.01
1990-2-17 23:0:0,171.2
1990-2-17 0:0:0,157.57
1990-2-18 1:0:0,153.67
1990-2-18 2:0:0,145.43
1990-2-18 3:0:0,141.52
1990-2-18 4:0:0,144.57
1990-2-18 5:0:0,153.01
1990-2-18 6:0:0,173.01
1990-2-18 7:0:0,184.31
1990-2-18 8:0:0,192.3
1990-2-18 9:0:0,197.55
1990-2-18 10:0:0,196.62
1990-2-18 11:0:0,177.73
1990-2-18 12:0:0,172.36
1990-2-18 13:0:0,169.98
1990-2-18 14:0:0,168.01
1990-2-18 15:0:0,164.86
1990-2-18 16:0:0,160.18
1990-2-18 17:0:0,163.15
1990-2-18 18:0:0,175.07
1990-2-18 19:0:0,181.66
1990-2-18 20:0:0,181.48
1990-2-18 21:0:0,175.74
1990-2-18 22:0:0,171.14
1990-2-18 23:0:0,165.34
1990-2-19 0:0:0,156.33
1990-2-19 1:0:0,156.68
1990-2-19 2:0:0,154.89
1990-2-19 3:0:0,155.38
1990-2-19 4:0:0,160.3
1990-2-19 5:0:0,165.45
1990-2-19 6:0:0,185.97
1990-2-19 7:0:0,212.42
1990-2-19 8:0:0,237.35
1990-2-19 9:0:0,233.07
1990-2-19 10:0:0,213.81
1990-2-19 11:0:0,212.99
1990-2-19 12:0:0,220.62
1990-2-19 13:0:0,208.21
1990-2-19 14:0:0,203.51
1990-2-19 15:0:0,188.72
1990-2-19 16:0:0,189.84
1990-2-19 17:0:0,174.01
1990-2-19 18:0:0,174.05
1990-2-19 19:0:0,167.42
1990-2-19 20:0:0,164.16
1990-2-19 21:0:0,161.87
1990-2-19 22:0:0,160.3
1990-2-19 23:0:0,155.54
1990-2-20 0:0:0,148.8
1990-2-20 1:0:0,145.47
1990-2-20 2:0:0,145
1990-2-20 3:0:0,145.45
1990-2-20 4:0:0,147.52
1990-2-20 5:0:0,160.14
1990-2-20 6:0:0,173.91
1990-2-20 7:0:0,185.71
1990-2-20 8:0:0,202.96
1990-2-20 9:0:0,201.76
1990-2-20 10:0:0,195.37
1990-2-20 11:0:0,192.57
1990-2-20 12:0:0,179.52
1990-2-20 13:0:0,180.68
1990-2-20 14:0:0,178.1
1990-2-20 15:0:0,166.28
1990-2-20 16:0:0,165.98
1990-2-20 17:0:0,169.29
1990-2-20 18:0:0,175.99
1990-2-20 19:0:0,177.06
1990-2-20 20:0:0,174.66
1990-2-20 21:0:0,175.25
1990-2-20 22:0:0,163.39
1990-2-20 23:0:0,153.85
1990-2-21 0:0:0,143.43
1990-2-21 1:0:0,135.34
1990-2-21 2:0:0,132.04
1990-2-21 3:0:0,133.77
1990-2-21 4:0:0,137.82
1990-2-21 5:0:0,143.82
1990-2-21 6:0:0,159.79
1990-2-21 7:0:0,175.11
1990-2-21 8:0:0,195.64
1990-2-21 9:0:0,191.63
1990-2-21 10:0:0,175.11
1990-2-21 11:0:0,169.35
1990-2-21 12:0:0,177.47
1990-2-21 13:0:0,176.15
1990-2-21 14:0:0,168.54
1990-2-21 15:0:0,178.24
1990-2-21 16:0:0,170.88
1990-2-21 17:0:0,175.17
1990-2-21 18:0:0,191.63
1990-2-21 19:0:0,201.8
1990-2-21 20:0:0,193.79
1990-2-21 21:0:0,185.38
1990-2-21 22:0:0,184.04
1990-2-21 23:0:0,172.55
1990-2-22 0:0:0,160.89
1990-2-22 1:0:0,151.08
1990-2-22 2:0:0,140.93
1990-2-22 3:0:0,146.32
1990-2-22 4:0:0,155.01
1990-2-22 5:0:0,162.13
1990-2-22 6:0:0,182.96
1990-2-22 7:0:0,201.62
1990-2-22 8:0:0,217.12
1990-2-22 9:0:0,210.57
1990-2-22 10:0:0,190.29
1990-2-22 11:0:0,179.26
1990-2-22 12:0:0,172.06
1990-2-22 13:0:0,156.09
1990-2-22 14:0:0,154.8
1990-2-22 15:0:0,151.2
1990-2-22 16:0:0,154.48
1990-2-22 17:0:0,157.53
1990-2-22 18:0:0,163.8
1990-2-22 19:0:0,180.79
1990-2-22 20:0:0,182.96
1990-2-22 21:0:0,172.99
1990-2-22 22:0:0,161.38
1990-2-22 23:0:0,151.73
1990-2-23 0:0:0,136.33
1990-2-23 1:0:0,137.23
1990-2-23 2:0:0,139.26
1990-2-23 3:0:0,145.26
1990-2-23 4:0:0,148.62
1990-2-23 5:0:0,156.41
1990-2-23 6:0:0,178.02
1990-2-23 7:0:0,205.65
1990-2-23 8:0:0,231.63
1990-2-23 9:0:0,219.89
1990-2-23 10:0:0,191.3
1990-2-23 11:0:0,176.39
1990-2-23 12:0:0,158.98
1990-2-23 13:0:0,146.08
1990-2-23 14:0:0,139.87
1990-2-23 15:0:0,133.5
1990-2-23 16:0:0,133.26
1990-2-23 17:0:0,138.88
1990-2-23 18:0:0,149.41
1990-2-23 19:0:0,162.8
1990-2-23 20:0:0,162.66
1990-2-23 21:0:0,155.21
1990-2-23 22:0:0,149.72
1990-2-23 23:0:0,145.12
1990-2-24 0:0:0,139.93
1990-2-24 1:0:0,136.62
1990-2-24 2:0:0,135.44
1990-2-24 3:0:0,135.64
1990-2-24 4:0:0,135.56
1990-2-24 5:0:0,136.49
1990-2-24 6:0:0,141.68
1990-2-24 7:0:0,140.01
1990-2-24 8:0:0,140.4
1990-2-24 9:0:0,146.79
1990-2-24 10:0:0,160.79
1990-2-24 11:0:0,166.44
1990-2-24 12:0:0,164
1990-2-24 13:0:0,161.99
1990-2-24 14:0:0,160.91
1990-2-24 15:0:0,161.4
1990-2-24 16:0:0,159.24
1990-2-24 17:0:0,159.57
1990-2-24 18:0:0,160.18
1990-2-24 19:0:0,162.68
1990-2-24 20:0:0,154.8
1990-2-24 21:0:0,164.73
1990-2-24 22:0:0,149.13
1990-2-24 23:0:0,136.72
1990-2-25 0:0:0,131.47
1990-2-25 1:0:0,139.93
1990-2-25 2:0:0,142.64
1990-2-25 3:0:0,135.25
1990-2-25 4:0:0,131.82
1990-2-25 5:0:0,139.06
1990-2-25 6:0:0,150.23
1990-2-25 7:0:0,154.09
1990-2-25 8:0:0,155.54
1990-2-25 9:0:0,162.78
1990-2-25 10:0:0,172.65
1990-2-25 11:0:0,178.85
1990-2-25 12:0:0,176.05
1990-2-25 13:0:0,171.49
1990-2-25 14:0:0,158.49
1990-2-25 15:0:0,143.98
1990-2-25 16:0:0,137
1990-2-25 17:0:0,140.28
1990-2-25 18:0:0,154.01
1990-2-25 19:0:0,165.93
1990-2-25 20:0:0,165.37
1990-2-25 21:0:0,155.5
1990-2-25 22:0:0,150.61
1990-2-25 23:0:0,148.11
1990-2-26 0:0:0,147.38
1990-2-26 1:0:0,142.38
1990-2-26 2:0:0,139.2
1990-2-26 3:0:0,141.46
1990-2-26 4:0:0,145.85
1990-2-26 5:0:0,150.94
1990-2-26 6:0:0,166.97
1990-2-26 7:0:0,185.77
1990-2-26 8:0:0,211.06
1990-2-26 9:0:0,220.36
1990-2-26 10:0:0,205.99
1990-2-26 11:0:0,183.65
1990-2-26 12:0:0,173.2
1990-2-26 13:0:0,167.34
1990-2-26 14:0:0,166.77
1990-2-26 15:0:0,170.88
1990-2-26 16:0:0,178
1990-2-26 17:0:0,176.66
1990-2-26 18:0:0,192.28
1990-2-26 19:0:0,208.11
1990-2-26 20:0:0,207.87
1990-2-26 21:0:0,176.96
1990-2-26 22:0:0,185.63
1990-2-26 23:0:0,183.13
1990-2-27 0:0:0,161.46
1990-2-27 1:0:0,166.85
1990-2-27 2:0:0,166.38
1990-2-27 3:0:0,165.67
1990-2-27 4:0:0,172.38
1990-2-27 5:0:0,177.02
1990-2-27 6:0:0,180.95
1990-2-27 7:0:0,186.06
1990-2-27 8:0:0,250.39
1990-2-27 9:0:0,267.72
1990-2-27 10:0:0,270.51
1990-2-27 11:0:0,254.19
1990-2-27 12:0:0,227.72
1990-2-27 13:0:0,201.07
1990-2-27 14:0:0,199.42
1990-2-27 15:0:0,203.59
1990-2-27 16:0:0,212.18
1990-2-27 17:0:0,206.38
1990-2-27 18:0:0,209.15
1990-2-27 19:0:0,210.79
1990-2-27 20:0:0,209.66
1990-2-27 21:0:0,203.71
1990-2-27 22:0:0,188.17
1990-2-27 23:0:0,178.93
1990-2-28 0:0:0,174.26
1990-2-28 1:0:0,174.34
1990-2-28 2:0:0,172.75
1990-2-28 3:0:0,177.29
1990-2-28 4:0:0,182.45
1990-2-28 5:0:0,190.35
1990-2-28 6:0:0,193.46
1990-2-28 7:0:0,214.13
1990-2-28 8:0:0,239.54
1990-2-28 9:0:0,242.15
1990-2-28 10:0:0,218.51
1990-2-28 11:0:0,215.98
1990-2-28 12:0:0,211.87
1990-2-28 13:0:0,213.97
1990-2-28 14:0:0,207.8
1990-2-28 15:0:0,204.51
1990-2-28 16:0:0,200.3
1990-2-28 17:0:0,195.23
1990-2-28 18:0:0,199.26
1990-2-28 19:0:0,197.63
1990-2-28 20:0:0,201.5
1990-2-28 21:0:0,189.82
1990-2-28 22:0:0,179.5
1990-2-28 23:0:0,174.42
1990-3-1 0:0:0,165.83
1990-3-1 1:0:0,168.7
1990-3-1 2:0:0,168.13
1990-3-1 3:0:0,169.29
1990-3-1 4:0:0,177.94
1990-3-1 5:0:0,188.38
1990-3-1 6:0:0,199.36
1990-3-1 7:0:0,204.77
1990-3-1 8:0:0,224.87
1990-3-1 9:0:0,214.93
1990-3-1 10:0:0,207.74
1990-3-1 11:0:0,205.36
1990-3-1 12:0:0,205.67
1990-3-1 13:0:0,201.88
1990-3-1 14:0:0,195.82
1990-3-1 15:0:0,197.88
1990-3-1 16:0:0,201.23
1990-3-1 17:0:0,200.74
1990-3-1 18:0:0,217.85
1990-3-1 19:0:0,215.7
1990-3-1 20:0:0,215.92
1990-3-1 21:0:0,208.92
1990-3-1 22:0:0,206.87
1990-3-1 23:0:0,198.69
1990-3-2 0:0:0,189.54
1990-3-2 1:0:0,179.12
1990-3-2 2:0:0,171.67
1990-3-2 3:0:0,167.76
1990-3-2 4:0:0,173.99
1990-3-2 5:0:0,186.34
1990-3-2 6:0:0,203.98
1990-3-2 7:0:0,233.46
1990-3-2 8:0:0,252.26
1990-3-2 9:0:0,244.47
1990-3-2 10:0:0,236.76
1990-3-2 11:0:0,230.06
1990-3-2 12:0:0,217.88
1990-3-2 13:0:0,214.7
1990-3-2 14:0:0,207.95
1990-3-2 15:0:0,205.55
1990-3-2 16:0:0,198.93
1990-3-2 17:0:0,201.21
1990-3-2 18:0:0,207.99
1990-3-2 19:0:0,212.18
1990-3-2 20:0:0,211.1
1990-3-2 21:0:0,203.33
1990-3-2 22:0:0,196.13
1990-3-2 23:0:0,188.31
1990-3-3 0:0:0,175.58
1990-3-3 1:0:0,172.77
1990-3-3 2:0:0,173.87
1990-3-3 3:0:0,174.52
1990-3-3 4:0:0,176.78
1990-3-3 5:0:0,180.13
1990-3-3 6:0:0,187.07
1990-3-3 7:0:0,193.97
1990-3-3 8:0:0,200.32
1990-3-3 9:0:0,205.26
1990-3-3 10:0:0,208.48
1990-3-3 11:0:0,194.23
1990-3-3 12:0:0,187.97
1990-3-3 13:0:0,168.58
1990-3-3 14:0:0,156.9
1990-3-3 15:0:0,153.2
1990-3-3 16:0:0,156.43
1990-3-3 17:0:0,158.47
1990-3-3 18:0:0,166.79
1990-3-3 19:0:0,180.13
1990-3-3 20:0:0,179.67
1990-3-3 21:0:0,174.72
1990-3-3 22:0:0,171.43
1990-3-3 23:0:0,166.5
1990-3-4 0:0:0,162.98
1990-3-4 1:0:0,160.01
1990-3-4 2:0:0,158.75
1990-3-4 3:0:0,157.71
1990-3-4 4:0:0,157.8
1990-3-4 5:0:0,158.61
1990-3-4 6:0:0,165.16
1990-3-4 7:0:0,169.64
1990-3-4 8:0:0,175.31
1990-3-4 9:0:0,181.19
1990-3-4 10:0:0,186.38
1990-3-4 11:0:0,189.09
1990-3-4 12:0:0,184
1990-3-4 13:0:0,179.48
1990-3-4 14:0:0,172.87
1990-3-4 15:0:0,167.6
1990-3-4 16:0:0,162.01
1990-3-4 17:0:0,163.45
1990-3-4 18:0:0,171.98
1990-3-4 19:0:0,176.31
1990-3-4 20:0:0,175.8
1990-3-4 21:0:0,173.63
1990-3-4 22:0:0,168.93
1990-3-4 23:0:0,164.65
1990-3-5 0:0:0,160.79
1990-3-5 1:0:0,159.32
1990-3-5 2:0:0,158.24
1990-3-5 3:0:0,158.9
1990-3-5 4:0:0,163.55
1990-3-5 5:0:0,171.83
1990-3-5 6:0:0,185.61
1990-3-5 7:0:0,201.82
1990-3-5 8:0:0,215.56
1990-3-5 9:0:0,214.38
1990-3-5 10:0:0,208.6
1990-3-5 11:0:0,187.26
1990-3-5 12:0:0,184.16
1990-3-5 13:0:0,184.41
1990-3-5 14:0:0,194.09
1990-3-5 15:0:0,195.43
1990-3-5 16:0:0,194.95
1990-3-5 17:0:0,190.65
1990-3-5 18:0:0,190.9
1990-3-5 19:0:0,192.81
1990-3-5 20:0:0,195.43
1990-3-5 21:0:0,191.28
1990-3-5 22:0:0,182.54
1990-3-5 23:0:0,173.04
1990-3-5 0:0:0,163.07
1990-3-6 1:0:0,151.2
1990-3-6 2:0:0,146.18
1990-3-6 3:0:0,142.4
1990-3-6 4:0:0,142.62
1990-3-6 5:0:0,152.47
1990-3-6 6:0:0,173.75
1990-3-6 7:0:0,190.39
1990-3-6 8:0:0,205.16
1990-3-6 9:0:0,224.24
1990-3-6 10:0:0,214.11
1990-3-6 11:0:0,204.39
1990-3-6 12:0:0,196.76
1990-3-6 13:0:0,201.42
1990-3-6 14:0:0,205.99
1990-3-6 15:0:0,185.47
1990-3-6 16:0:0,180.99
1990-3-6 17:0:0,182.74
1990-3-6 18:0:0,189.23
1990-3-6 19:0:0,199.04
1990-3-6 20:0:0,199.63
1990-3-6 21:0:0,191.59
1990-3-6 22:0:0,173.2
1990-3-6 23:0:0,157.82
1990-3-7 0:0:0,146.2
1990-3-7 1:0:0,145.24
1990-3-7 2:0:0,145.89
1990-3-7 3:0:0,149.84
1990-3-7 4:0:0,159.18
1990-3-7 5:0:0,174.34
1990-3-7 6:0:0,197.98
1990-3-7 7:0:0,217.73
1990-3-7 8:0:0,227.7
1990-3-7 9:0:0,226.62
1990-3-7 10:0:0,210.59
1990-3-7 11:0:0,190.29
1990-3-7 12:0:0,184.53
1990-3-7 13:0:0,185.49
1990-3-7 14:0:0,181.05
1990-3-7 15:0:0,176.8
1990-3-7 16:0:0,177.51
1990-3-7 17:0:0,176.53
1990-3-7 18:0:0,180.58
1990-3-7 19:0:0,182.27
1990-3-7 20:0:0,179.04
1990-3-7 21:0:0,172.59
1990-3-7 22:0:0,160.95
1990-3-7 23:0:0,150.61
1990-3-8 0:0:0,134.62
1990-3-8 1:0:0,135.56
1990-3-8 2:0:0,135.9
1990-3-8 3:0:0,142.9
1990-3-8 4:0:0,152.18
1990-3-8 5:0:0,158.14
1990-3-8 6:0:0,170.51
1990-3-8 7:0:0,187.46
1990-3-8 8:0:0,208.15
1990-3-8 9:0:0,210.14
1990-3-8 10:0:0,197.69
1990-3-8 11:0:0,185.3
1990-3-8 12:0:0,180.52
1990-3-8 13:0:0,190.8
1990-3-8 14:0:0,187.91
1990-3-8 15:0:0,184.37
1990-3-8 16:0:0,176.23
1990-3-8 17:0:0,176.07
1990-3-8 18:0:0,175.09
1990-3-8 19:0:0,181.07
1990-3-8 20:0:0,186.22
1990-3-8 21:0:0,178.83
1990-3-8 22:0:0,167.42
1990-3-8 23:0:0,155.82
1990-3-9 0:0:0,147.36
1990-3-9 1:0:0,140.5
1990-3-9 2:0:0,137.45
1990-3-9 3:0:0,142.11
1990-3-9 4:0:0,148.87
1990-3-9 5:0:0,160.58
1990-3-9 6:0:0,177.16
1990-3-9 7:0:0,188.33
1990-3-9 8:0:0,199.01
1990-3-9 9:0:0,204.35
1990-3-9 10:0:0,214.74
1990-3-9 11:0:0,234.62
1990-3-9 12:0:0,234.6
1990-3-9 13:0:0,217.08
1990-3-9 14:0:0,191.26
1990-3-9 15:0:0,170.43
1990-3-9 16:0:0,166.89
1990-3-9 17:0:0,176.68
1990-3-9 18:0:0,176.47
1990-3-9 19:0:0,189.66
1990-3-9 20:0:0,198.14
1990-3-9 21:0:0,197.79
1990-3-9 22:0:0,191.04
1990-3-9 23:0:0,184.92
1990-3-10 0:0:0,168.62
1990-3-10 1:0:0,152.87
1990-3-10 2:0:0,146.4
1990-3-10 3:0:0,152.02
1990-3-10 4:0:0,154.5
1990-3-10 5:0:0,163.88
1990-3-10 6:0:0,180.77
1990-3-10 7:0:0,185.06
1990-3-10 8:0:0,189.35
1990-3-10 9:0:0,198
1990-3-10 10:0:0,210
1990-3-10 11:0:0,213.15
1990-3-10 12:0:0,214.13
1990-3-10 13:0:0,212.95
1990-3-10 14:0:0,209.57
1990-3-10 15:0:0,206.28
1990-3-10 16:0:0,199.52
1990-3-10 17:0:0,194.27
1990-3-10 18:0:0,178.06
1990-3-10 19:0:0,178.35
1990-3-10 20:0:0,178.73
1990-3-10 21:0:0,172.14
1990-3-10 22:0:0,165.87
1990-3-10 23:0:0,161.95
1990-3-11 0:0:0,149.94
1990-3-11 1:0:0,138.16
1990-3-11 2:0:0,136.88
1990-3-11 3:0:0,135.09
1990-3-11 4:0:0,137.9
1990-3-11 5:0:0,140.38
1990-3-11 6:0:0,146.14
1990-3-11 7:0:0,150.17
1990-3-11 8:0:0,155.52
1990-3-11 9:0:0,159.89
1990-3-11 10:0:0,167.7
1990-3-11 11:0:0,179.2
1990-3-11 12:0:0,181.48
1990-3-11 13:0:0,179.36
1990-3-11 14:0:0,164.75
1990-3-11 15:0:0,159.87
1990-3-11 16:0:0,144.55
1990-3-11 17:0:0,147.05
1990-3-11 18:0:0,157
1990-3-11 19:0:0,166.28
1990-3-11 20:0:0,168.07
1990-3-11 21:0:0,164.41
1990-3-11 22:0:0,162.07
1990-3-11 23:0:0,158.24
1990-3-12 0:0:0,152.18
1990-3-12 1:0:0,149.92
1990-3-12 2:0:0,150.49
1990-3-12 3:0:0,151.88
1990-3-12 4:0:0,155.35
1990-3-12 5:0:0,170.17
1990-3-12 6:0:0,192.75
1990-3-12 7:0:0,202.76
1990-3-12 8:0:0,220.38
1990-3-12 9:0:0,204.79
1990-3-12 10:0:0,196.31
1990-3-12 11:0:0,183.1
1990-3-12 12:0:0,173.89
1990-3-12 13:0:0,169.6
1990-3-12 14:0:0,162.37
1990-3-12 15:0:0,153.79
1990-3-12 16:0:0,152.59
1990-3-12 17:0:0,150.57
1990-3-12 18:0:0,160.28
1990-3-12 19:0:0,168.11
1990-3-12 20:0:0,176.45
1990-3-12 21:0:0,171.67
1990-3-12 22:0:0,160.71
1990-3-12 23:0:0,154.38
1990-3-13 0:0:0,149.9
1990-3-13 1:0:0,149.66
1990-3-13 2:0:0,147.62
1990-3-13 3:0:0,149.29
1990-3-13 4:0:0,153.85
1990-3-13 5:0:0,164.84
1990-3-13 6:0:0,184.75
1990-3-13 7:0:0,207.52
1990-3-13 8:0:0,220.85
1990-3-13 9:0:0,209.88
1990-3-13 10:0:0,196.92
1990-3-13 11:0:0,176.86
1990-3-13 12:0:0,172.61
1990-3-13 13:0:0,168.34
1990-3-13 14:0:0,158.43
1990-3-13 15:0:0,152.97
1990-3-13 16:0:0,147.12
1990-3-13 17:0:0,152.99
1990-3-13 18:0:0,159.53
1990-3-13 19:0:0,165.93
1990-3-13 20:0:0,164.18
1990-3-13 21:0:0,166.5
1990-3-13 22:0:0,161.15
1990-3-13 23:0:0,155.11
1990-3-14 0:0:0,141.76
1990-3-14 1:0:0,141.21
1990-3-14 2:0:0,140.01
1990-3-14 3:0:0,140.89
1990-3-14 4:0:0,146.04
1990-3-14 5:0:0,154.87
1990-3-14 6:0:0,170.04
1990-3-14 7:0:0,191.04
1990-3-14 8:0:0,218.65
1990-3-14 9:0:0,221.33
1990-3-14 10:0:0,209.96
1990-3-14 11:0:0,188.52
1990-3-14 12:0:0,173.95
1990-3-14 13:0:0,172.42
1990-3-14 14:0:0,171.16
1990-3-14 15:0:0,160.97
1990-3-14 16:0:0,148.52
1990-3-14 17:0:0,148.6
1990-3-14 18:0:0,161.8
1990-3-14 19:0:0,166.14
1990-3-14 20:0:0,165.1
1990-3-14 21:0:0,159.59
1990-3-14 22:0:0,155.44
1990-3-14 23:0:0,150.21
1990-3-15 0:0:0,141.95
1990-3-15 1:0:0,138.65
1990-3-15 2:0:0,134.97
1990-3-15 3:0:0,135.15
1990-3-15 4:0:0,137.49
1990-3-15 5:0:0,145.83
1990-3-15 6:0:0,158.67
1990-3-15 7:0:0,178.04
1990-3-15 8:0:0,198.91
1990-3-15 9:0:0,202.43
1990-3-15 10:0:0,189.11
1990-3-15 11:0:0,176.72
1990-3-15 12:0:0,179.3
1990-3-15 13:0:0,175.74
1990-3-15 14:0:0,171.18
1990-3-15 15:0:0,159.91
1990-3-15 16:0:0,138.92
1990-3-15 17:0:0,142.13
1990-3-15 18:0:0,150.8
1990-3-15 19:0:0,160.6
1990-3-15 20:0:0,160.2
1990-3-15 21:0:0,168.21
1990-3-15 22:0:0,150.37
1990-3-15 23:0:0,150.02
1990-3-16 0:0:0,146.46
1990-3-16 1:0:0,143.27
1990-3-16 2:0:0,147.12
1990-3-16 3:0:0,146.73
1990-3-16 4:0:0,147.1
1990-3-16 5:0:0,155.07
1990-3-16 6:0:0,157.86
1990-3-16 7:0:0,167.26
1990-3-16 8:0:0,178.12
1990-3-16 9:0:0,206.3
1990-3-16 10:0:0,200.83
1990-3-16 11:0:0,182.27
1990-3-16 12:0:0,164.23
1990-3-16 13:0:0,152.75
1990-3-16 14:0:0,141.09
1990-3-16 15:0:0,129.84
1990-3-16 16:0:0,127.5
1990-3-16 17:0:0,129.64
1990-3-16 18:0:0,136.27
1990-3-16 19:0:0,136.98
1990-3-16 20:0:0,132.37
1990-3-16 21:0:0,134.71
1990-3-16 22:0:0,146.87
1990-3-16 23:0:0,152.59
1990-3-17 0:0:0,130.37
1990-3-17 1:0:0,127.38
1990-3-17 2:0:0,127.56
1990-3-17 3:0:0,127.5
1990-3-17 4:0:0,126.91
1990-3-17 5:0:0,128.11
1990-3-17 6:0:0,131.84
1990-3-17 7:0:0,134.34
1990-3-17 8:0:0,136.39
1990-3-17 9:0:0,139.2
1990-3-17 10:0:0,149.23
1990-3-17 11:0:0,152.61
1990-3-17 12:0:0,139.99
1990-3-17 13:0:0,134.44
1990-3-17 14:0:0,130.86
1990-3-17 15:0:0,130.02
1990-3-17 16:0:0,135.58
1990-3-17 17:0:0,135.29
1990-3-17 18:0:0,138.45
1990-3-17 19:0:0,142.78
1990-3-17 20:0:0,140.05
1990-3-17 21:0:0,138.85
1990-3-17 22:0:0,141.74
1990-3-17 23:0:0,134.85
1990-3-18 0:0:0,125.16
1990-3-18 1:0:0,103.6
1990-3-18 2:0:0,98.53
1990-3-18 3:0:0,99.04
1990-3-18 4:0:0,98.88
1990-3-18 5:0:0,103.03
1990-3-18 6:0:0,108.32
1990-3-18 7:0:0,123.01
1990-3-18 8:0:0,127.4
1990-3-18 9:0:0,127.07
1990-3-18 10:0:0,124.65
1990-3-18 11:0:0,122.05
1990-3-18 12:0:0,115.29
1990-3-18 13:0:0,111.8
1990-3-18 14:0:0,107.46
1990-3-18 15:0:0,102.17
1990-3-18 16:0:0,100.02
1990-3-18 17:0:0,100.32
1990-3-18 18:0:0,104.02
1990-3-18 19:0:0,110.84
1990-3-18 20:0:0,115.52
1990-3-18 21:0:0,115.7
1990-3-18 22:0:0,112.31
1990-3-18 23:0:0,108.36
1990-3-19 0:0:0,106.61
1990-3-19 1:0:0,104.27
1990-3-19 2:0:0,103.72
1990-3-19 3:0:0,104.64
1990-3-19 4:0:0,104.02
1990-3-19 5:0:0,118.21
1990-3-19 6:0:0,124.51
1990-3-19 7:0:0,134.34
1990-3-19 8:0:0,146.52
1990-3-19 9:0:0,147.79
1990-3-19 10:0:0,138.9
1990-3-19 11:0:0,138.53
1990-3-19 12:0:0,141.32
1990-3-19 13:0:0,134.52
1990-3-19 14:0:0,142.94
1990-3-19 15:0:0,159.89
1990-3-19 16:0:0,152.99
1990-3-19 17:0:0,151.47
1990-3-19 18:0:0,148.72
1990-3-19 19:0:0,151.59
1990-3-19 20:0:0,148.56
1990-3-19 21:0:0,140.22
1990-3-19 22:0:0,136.43
1990-3-19 23:0:0,132.32
1990-3-20 0:0:0,130.72
1990-3-20 1:0:0,130.21
1990-3-20 2:0:0,124.8
1990-3-20 3:0:0,126.49
1990-3-20 4:0:0,128.28
1990-3-20 5:0:0,137.09
1990-3-20 6:0:0,149.68
1990-3-20 7:0:0,163.66
1990-3-20 8:0:0,173.97
1990-3-20 9:0:0,174.91
1990-3-20 10:0:0,159.77
1990-3-20 11:0:0,138.04
1990-3-20 12:0:0,130.09
1990-3-20 13:0:0,129.72
1990-3-20 14:0:0,129.15
1990-3-20 15:0:0,131.63
1990-3-20 16:0:0,132
1990-3-20 17:0:0,131.82
1990-3-20 18:0:0,138.29
1990-3-20 19:0:0,144.96
1990-3-20 20:0:0,147.87
1990-3-20 21:0:0,140.85
1990-3-20 22:0:0,136.96
1990-3-20 23:0:0,129.72
1990-3-21 0:0:0,125.81
1990-3-21 1:0:0,125.04
1990-3-21 2:0:0,120.54
1990-3-21 3:0:0,122.88
1990-3-21 4:0:0,123.49
1990-3-21 5:0:0,128.91
1990-3-21 6:0:0,139.95
1990-3-21 7:0:0,150.61
1990-3-21 8:0:0,166.61
1990-3-21 9:0:0,167.7
1990-3-21 10:0:0,164.1
1990-3-21 11:0:0,166.36
1990-3-21 12:0:0,166.79
1990-3-21 13:0:0,148.23
1990-3-21 14:0:0,151.57
1990-3-21 15:0:0,139.3
1990-3-21 16:0:0,135.34
1990-3-21 17:0:0,134.24
1990-3-21 18:0:0,148.48
1990-3-21 19:0:0,156.07
1990-3-21 20:0:0,154.76
1990-3-21 21:0:0,147.22
1990-3-21 22:0:0,142.7
1990-3-21 23:0:0,137.74
1990-3-22 0:0:0,131.79
1990-3-22 1:0:0,129.15
1990-3-22 2:0:0,128.09
1990-3-22 3:0:0,127.32
1990-3-22 4:0:0,128.68
1990-3-22 5:0:0,133.46
1990-3-22 6:0:0,145.02
1990-3-22 7:0:0,163.41
1990-3-22 8:0:0,176.57
1990-3-22 9:0:0,183.49
1990-3-22 10:0:0,171.33
1990-3-22 11:0:0,162.43
1990-3-22 12:0:0,152.93
1990-3-22 13:0:0,147.85
1990-3-22 14:0:0,143.19
1990-3-22 15:0:0,144.67
1990-3-22 16:0:0,148.42
1990-3-22 17:0:0,155.29
1990-3-22 18:0:0,162.72
1990-3-22 19:0:0,168.03
1990-3-22 20:0:0,165.87
1990-3-22 21:0:0,156.17
1990-3-22 22:0:0,150.17
1990-3-22 23:0:0,145.35
1990-3-23 0:0:0,139.14
1990-3-23 1:0:0,135.27
1990-3-23 2:0:0,133.81
1990-3-23 3:0:0,134.83
1990-3-23 4:0:0,136.82
1990-3-23 5:0:0,139.89
1990-3-23 6:0:0,147.71
1990-3-23 7:0:0,163.78
1990-3-23 8:0:0,179.52
1990-3-23 9:0:0,184.12
1990-3-23 10:0:0,181.52
1990-3-23 11:0:0,174.09
1990-3-23 12:0:0,161.42
1990-3-23 13:0:0,156.47
1990-3-23 14:0:0,151.37
1990-3-23 15:0:0,147.62
1990-3-23 16:0:0,151.94
1990-3-23 17:0:0,156.49
1990-3-23 18:0:0,161.13
1990-3-23 19:0:0,164.53
1990-3-23 20:0:0,163.7
1990-3-23 21:0:0,156.9
1990-3-23 22:0:0,151.98
1990-3-23 23:0:0,145.81
1990-3-24 0:0:0,140.28
1990-3-24 1:0:0,134.15
1990-3-24 2:0:0,132.55
1990-3-24 3:0:0,128.82
1990-3-24 4:0:0,127.58
1990-3-24 5:0:0,131.76
1990-3-24 6:0:0,136.6
1990-3-24 7:0:0,144.16
1990-3-24 8:0:0,148.7
1990-3-24 9:0:0,153.32
1990-3-24 10:0:0,161.03
1990-3-24 11:0:0,165.69
1990-3-24 12:0:0,165.16
1990-3-24 13:0:0,162.13
1990-3-24 14:0:0,155.38
1990-3-24 15:0:0,157.19
1990-3-24 16:0:0,160.89
1990-3-24 17:0:0,163.86
1990-3-24 18:0:0,175.82
1990-3-24 19:0:0,178.83
1990-3-24 20:0:0,176.88
1990-3-24 21:0:0,171.45
1990-3-24 22:0:0,162.72
1990-3-24 23:0:0,148.44
1990-3-25 0:0:0,145.02
1990-3-25 1:0:0,142.41
1990-3-25 2:0:0,142.33
1990-3-25 3:0:0,143.33
1990-3-25 4:0:0,144.06
1990-3-25 5:0:0,155.05
1990-3-25 6:0:0,161.46
1990-3-25 7:0:0,160.16
1990-3-25 8:0:0,159.57
1990-3-25 9:0:0,174.56
1990-3-25 10:0:0,180.83
1990-3-25 11:0:0,171.55
1990-3-25 12:0:0,164.18
1990-3-25 13:0:0,152.36
1990-3-25 14:0:0,147.66
1990-3-25 15:0:0,141.7
1990-3-25 16:0:0,140.93
1990-3-25 17:0:0,153.81
1990-3-25 18:0:0,157.17
1990-3-25 19:0:0,163.29
1990-3-25 20:0:0,158.3
1990-3-25 21:0:0,159.24
1990-3-25 22:0:0,155.96
1990-3-25 23:0:0,149.94
1990-3-26 0:0:0,144.98
1990-3-26 1:0:0,145.18
1990-3-26 2:0:0,148.54
1990-3-26 3:0:0,150.49
1990-3-26 4:0:0,152.26
1990-3-26 5:0:0,159.06
1990-3-26 6:0:0,171.88
1990-3-26 7:0:0,199.36
1990-3-26 8:0:0,205.36
1990-3-26 9:0:0,191.45
1990-3-26 10:0:0,166.83
1990-3-26 11:0:0,161.01
1990-3-26 12:0:0,139.13
1990-3-26 13:0:0,136.58
1990-3-26 14:0:0,128.38
1990-3-26 15:0:0,124.92
1990-3-26 16:0:0,122.9
1990-3-26 17:0:0,122.74
1990-3-26 18:0:0,122.4
1990-3-26 19:0:0,127.69
1990-3-26 20:0:0,134.95
1990-3-26 21:0:0,137.09
1990-3-26 22:0:0,142.03
1990-3-26 23:0:0,139.77
1990-3-27 0:0:0,142.56
1990-3-27 1:0:0,138.67
1990-3-27 2:0:0,138.14
1990-3-27 3:0:0,141.11
1990-3-27 4:0:0,146.93
1990-3-27 5:0:0,163.78
1990-3-27 6:0:0,187.74
1990-3-27 7:0:0,206.68
1990-3-27 8:0:0,226.34
1990-3-27 9:0:0,202.62
1990-3-27 10:0:0,166.06
1990-3-27 11:0:0,136.31
1990-3-27 12:0:0,128.34
1990-3-27 13:0:0,122.29
1990-3-27 14:0:0,112.67
1990-3-27 15:0:0,110.19
1990-3-27 16:0:0,112.41
1990-3-27 17:0:0,119.71
1990-3-27 18:0:0,121.58
1990-3-27 19:0:0,126.91
1990-3-27 20:0:0,146.44
1990-3-27 21:0:0,146.18
1990-3-27 22:0:0,146.06
1990-3-27 23:0:0,141.68
1990-3-28 0:0:0,138.2
1990-3-28 1:0:0,136.17
1990-3-28 2:0:0,137.7
1990-3-28 3:0:0,150.61
1990-3-28 4:0:0,154.46
1990-3-28 5:0:0,160.97
1990-3-28 6:0:0,172.89
1990-3-28 7:0:0,187.21
1990-3-28 8:0:0,216.15
1990-3-28 9:0:0,219.54
1990-3-28 10:0:0,197.27
1990-3-28 11:0:0,171.37
1990-3-28 12:0:0,147.56
1990-3-28 13:0:0,131.12
1990-3-28 14:0:0,120.42
1990-3-28 15:0:0,119.47
1990-3-28 16:0:0,118.73
1990-3-28 17:0:0,119.87
1990-3-28 18:0:0,126.36
1990-3-28 19:0:0,134.97
1990-3-28 20:0:0,147.95
1990-3-28 21:0:0,147.54
1990-3-28 22:0:0,147.6
1990-3-28 23:0:0,143.25
1990-3-29 0:0:0,137.29
1990-3-29 1:0:0,133.4
1990-3-29 2:0:0,134.58
1990-3-29 3:0:0,136.39
1990-3-29 4:0:0,145.57
1990-3-29 5:0:0,160.24
1990-3-29 6:0:0,173.28
1990-3-29 7:0:0,179.57
1990-3-29 8:0:0,204.55
1990-3-29 9:0:0,189.68
1990-3-29 10:0:0,168.82
1990-3-29 11:0:0,155.05
1990-3-29 12:0:0,140.75
1990-3-29 13:0:0,120.52
1990-3-29 14:0:0,121.34
1990-3-29 15:0:0,128.4
1990-3-29 16:0:0,128.24
1990-3-29 17:0:0,127.63
1990-3-29 18:0:0,142.17
1990-3-29 19:0:0,148.95
1990-3-29 20:0:0,153.34
1990-3-29 21:0:0,148.25
1990-3-29 22:0:0,150.7
1990-3-29 23:0:0,139.71
1990-3-30 0:0:0,133.06
1990-3-30 1:0:0,132.06
1990-3-30 2:0:0,128.21
1990-3-30 3:0:0,125.43
1990-3-30 4:0:0,131.88
1990-3-30 5:0:0,137.8
1990-3-30 6:0:0,157.02
1990-3-30 7:0:0,175.64
1990-3-30 8:0:0,188.38
1990-3-30 9:0:0,189.55
1990-3-30 10:0:0,184.84
1990-3-30 11:0:0,163.72
1990-3-30 12:0:0,153.44
1990-3-30 13:0:0,137.09
1990-3-30 14:0:0,130.47
1990-3-30 15:0:0,126.24
1990-3-30 16:0:0,122.31
1990-3-30 17:0:0,119.28
1990-3-30 18:0:0,122.9
1990-3-30 19:0:0,132.14
1990-3-30 20:0:0,134.12
1990-3-30 21:0:0,134.3
1990-3-30 22:0:0,135.95
1990-3-30 23:0:0,133
1990-3-31 0:0:0,128.42
1990-3-31 1:0:0,123.54
1990-3-31 2:0:0,121.48
1990-3-31 3:0:0,120.63
1990-3-31 4:0:0,116.66
1990-3-31 5:0:0,116.76
1990-3-31 6:0:0,124.17
1990-3-31 7:0:0,138.67
1990-3-31 8:0:0,143.64
1990-3-31 9:0:0,148.84
1990-3-31 10:0:0,144.16
1990-3-31 11:0:0,134.32
1990-3-31 12:0:0,115.32
1990-3-31 13:0:0,113.93
1990-3-31 14:0:0,112.39
1990-3-31 15:0:0,107.54
1990-3-31 16:0:0,102.6
1990-3-31 17:0:0,103.01
1990-3-31 18:0:0,105.02
1990-3-31 19:0:0,109.21
1990-3-31 20:0:0,112.59
1990-3-31 21:0:0,112.96
1990-3-31 22:0:0,121.91
1990-3-31 23:0:0,118.77
1990-4-1 0:0:0,114.62
1990-4-1 1:0:0,112.81
1990-4-1 2:0:0,110.68
1990-4-1 3:0:0,108.46
1990-4-1 4:0:0,108.44
1990-4-1 5:0:0,109.78
1990-4-1 6:0:0,112.14
1990-4-1 7:0:0,120.18
1990-4-1 8:0:0,126.75
1990-4-1 9:0:0,126.87
1990-4-1 10:0:0,126.14
1990-4-1 11:0:0,123.82
1990-4-1 12:0:0,106.89
1990-4-1 13:0:0,102.34
1990-4-1 14:0:0,100.75
1990-4-1 15:0:0,97.68
1990-4-1 16:0:0,94.75
1990-4-1 17:0:0,92.57
1990-4-1 18:0:0,94.14
1990-4-1 19:0:0,99.71
1990-4-1 20:0:0,107.1
1990-4-1 21:0:0,107.22
1990-4-1 22:0:0,106.28
1990-4-1 23:0:0,103.88
1990-4-2 0:0:0,98.21
1990-4-2 1:0:0,103.9
1990-4-2 2:0:0,104.7
1990-4-2 3:0:0,100.38
1990-4-2 4:0:0,105.59
1990-4-2 5:0:0,109.56
1990-4-2 6:0:0,123.47
1990-4-2 7:0:0,141.74
1990-4-2 8:0:0,147.77
1990-4-2 9:0:0,131.98
1990-4-2 10:0:0,125.73
1990-4-2 11:0:0,113.06
1990-4-2 12:0:0,106.4
1990-4-2 13:0:0,104.15
1990-4-2 14:0:0,102.84
1990-4-2 15:0:0,103.23
1990-4-2 16:0:0,103.21
1990-4-2 17:0:0,103.68
1990-4-2 18:0:0,109.56
1990-4-2 19:0:0,120.28
1990-4-2 20:0:0,121.58
1990-4-2 21:0:0,114.48
1990-4-2 22:0:0,113.83
1990-4-2 23:0:0,111.35
1990-4-3 0:0:0,104.86
1990-4-3 1:0:0,99.92
1990-4-3 2:0:0,100.26
1990-4-3 3:0:0,98.06
1990-4-3 4:0:0,100.14
1990-4-3 5:0:0,112.43
1990-4-3 6:0:0,121.19
1990-4-3 7:0:0,138.29
1990-4-3 8:0:0,155.92
1990-4-3 9:0:0,154.93
1990-4-3 10:0:0,154.72
1990-4-3 11:0:0,153.77
1990-4-3 12:0:0,134.85
1990-4-3 13:0:0,147.97
1990-4-3 14:0:0,159.63
1990-4-3 15:0:0,131.86
1990-4-3 16:0:0,121.48
1990-4-3 17:0:0,123.27
1990-4-3 18:0:0,132.06
1990-4-3 19:0:0,136.45
1990-4-3 20:0:0,140.56
1990-4-3 21:0:0,140.46
1990-4-3 22:0:0,137.13
1990-4-3 23:0:0,136.01
1990-4-4 0:0:0,135.6
1990-4-4 1:0:0,131.86
1990-4-4 2:0:0,132.61
1990-4-4 3:0:0,135.76
1990-4-4 4:0:0,145.59
1990-4-4 5:0:0,150.39
1990-4-4 6:0:0,157.84
1990-4-4 7:0:0,187.03
1990-4-4 8:0:0,203.94
1990-4-4 9:0:0,205.04
1990-4-4 10:0:0,190.08
1990-4-4 11:0:0,177.37
1990-4-4 12:0:0,170.86
1990-4-4 13:0:0,146.3
1990-4-4 14:0:0,135.6
1990-4-4 15:0:0,135.5
1990-4-4 16:0:0,135.97
1990-4-4 17:0:0,133.1
1990-4-4 18:0:0,147.32
1990-4-4 19:0:0,158.24
1990-4-4 20:0:0,159.69
1990-4-4 21:0:0,166.16
1990-4-4 22:0:0,164.77
1990-4-4 23:0:0,153.22
1990-4-5 0:0:0,147.95
1990-4-5 1:0:0,147.34
1990-4-5 2:0:0,146.42
1990-4-5 3:0:0,146.69
1990-4-5 4:0:0,149.19
1990-4-5 5:0:0,158.67
1990-4-5 6:0:0,180.93
1990-4-5 7:0:0,200.54
1990-4-5 8:0:0,250.94
1990-4-5 9:0:0,261.43
1990-4-5 10:0:0,214.34
1990-4-5 11:0:0,175.23
1990-4-5 12:0:0,154.34
1990-4-5 13:0:0,117.8
1990-4-5 14:0:0,113.71
1990-4-5 15:0:0,117.45
1990-4-5 16:0:0,126
1990-4-5 17:0:0,128.64
1990-4-5 18:0:0,130.88
1990-4-5 19:0:0,137.9
1990-4-5 20:0:0,149.43
1990-4-5 21:0:0,154.21
1990-4-5 22:0:0,149.7
1990-4-5 23:0:0,145.1
1990-4-6 0:0:0,135.95
1990-4-6 1:0:0,132.93
1990-4-6 2:0:0,131.92
1990-4-6 3:0:0,133.4
1990-4-6 4:0:0,134.48
1990-4-6 5:0:0,148.32
1990-4-6 6:0:0,169.62
1990-4-6 7:0:0,186.26
1990-4-6 8:0:0,205.49
1990-4-6 9:0:0,190.76
1990-4-6 10:0:0,173.07
1990-4-6 11:0:0,156.45
1990-4-6 12:0:0,151.24
1990-4-6 13:0:0,141.07
1990-4-6 14:0:0,131.21
1990-4-6 15:0:0,120.97
1990-4-6 16:0:0,129.94
1990-4-6 17:0:0,129.5
1990-4-6 18:0:0,135.58
1990-4-6 19:0:0,146.81
1990-4-6 20:0:0,146.22
1990-4-6 21:0:0,136.58
1990-4-6 22:0:0,133.5
1990-4-6 23:0:0,130.15
1990-4-7 0:0:0,126.22
1990-4-7 1:0:0,118.94
1990-4-7 2:0:0,119.53
1990-4-7 3:0:0,118.83
1990-4-7 4:0:0,120.48
1990-4-7 5:0:0,123.03
1990-4-7 6:0:0,128.72
1990-4-7 7:0:0,140.22
1990-4-7 8:0:0,145.43
1990-4-7 9:0:0,149.94
1990-4-7 10:0:0,151.41
1990-4-7 11:0:0,146.69
1990-4-7 12:0:0,141.42
1990-4-7 13:0:0,133.22
1990-4-7 14:0:0,120.97
1990-4-7 15:0:0,115.97
1990-4-7 16:0:0,113.95
1990-4-7 17:0:0,114.67
1990-4-7 18:0:0,117.68
1990-4-7 19:0:0,119.75
1990-4-7 20:0:0,129.84
1990-4-7 21:0:0,139.61
1990-4-7 22:0:0,139.3
1990-4-7 23:0:0,142.62
1990-4-8 0:0:0,143.49
1990-4-8 1:0:0,145.81
1990-4-8 2:0:0,142.56
1990-4-8 3:0:0,143.68
1990-4-8 4:0:0,148.97
1990-4-8 5:0:0,161.42
1990-4-8 6:0:0,171.92
1990-4-8 7:0:0,176.21
1990-4-8 8:0:0,165.91
1990-4-8 9:0:0,152.71
1990-4-8 10:0:0,148.7
1990-4-8 11:0:0,132.93
1990-4-8 12:0:0,122.86
1990-4-8 13:0:0,115.85
1990-4-8 14:0:0,117.04
1990-4-8 15:0:0,115.82
1990-4-8 16:0:0,113.83
1990-4-8 17:0:0,112.77
1990-4-8 18:0:0,126.91
1990-4-8 19:0:0,134.93
1990-4-8 20:0:0,137.92
1990-4-8 21:0:0,146.14
1990-4-8 22:0:0,146.14
1990-4-8 23:0:0,147.38
1990-4-9 0:0:0,146.52
1990-4-9 1:0:0,145.63
1990-4-9 2:0:0,147.48
1990-4-9 3:0:0,149.23
1990-4-9 4:0:0,149.68
1990-4-9 5:0:0,151.24
1990-4-9 6:0:0,161.03
1990-4-9 7:0:0,188.03
1990-4-9 8:0:0,188.7
1990-4-9 9:0:0,175.25
1990-4-9 10:0:0,162.27
1990-4-9 11:0:0,143.29
1990-4-9 12:0:0,131.27
1990-4-9 13:0:0,121.6
1990-4-9 14:0:0,118.88
1990-4-9 15:0:0,116.58
1990-4-9 16:0:0,118.25
1990-4-9 17:0:0,122.8
1990-4-9 18:0:0,126.57
1990-4-9 19:0:0,134.03
1990-4-9 20:0:0,145.35
1990-4-9 21:0:0,148.48
1990-4-9 22:0:0,144.16
1990-4-9 23:0:0,140.75
1990-4-10 0:0:0,134.79
1990-4-10 1:0:0,130.8
1990-4-10 2:0:0,133.16
1990-4-10 3:0:0,132.71
1990-4-10 4:0:0,132.3
1990-4-10 5:0:0,134.99
1990-4-10 6:0:0,145.98
1990-4-10 7:0:0,154.26
1990-4-10 8:0:0,165.16
1990-4-10 9:0:0,158.47
1990-4-10 10:0:0,164.41
1990-4-10 11:0:0,164.75
1990-4-10 12:0:0,157.23
1990-4-10 13:0:0,157.1
1990-4-10 14:0:0,140.48
1990-4-10 15:0:0,136.37
1990-4-10 16:0:0,136.3
1990-4-10 17:0:0,150.48
1990-4-10 18:0:0,149.7
1990-4-10 19:0:0,156.11
1990-4-10 20:0:0,154.09
1990-4-10 21:0:0,152.91
1990-4-10 22:0:0,136.35
1990-4-10 23:0:0,133.12
1990-4-11 0:0:0,131.41
1990-4-11 1:0:0,128.09
1990-4-11 2:0:0,133.77
1990-4-11 3:0:0,135.19
1990-4-11 4:0:0,135.05
1990-4-11 5:0:0,137.47
1990-4-11 6:0:0,146.73
1990-4-11 7:0:0,167.99
1990-4-11 8:0:0,174.76
1990-4-11 9:0:0,171.94
1990-4-11 10:0:0,157.94
1990-4-11 11:0:0,156.45
1990-4-11 12:0:0,151.61
1990-4-11 13:0:0,149.54
1990-4-11 14:0:0,139.97
1990-4-11 15:0:0,124.67
1990-4-11 16:0:0,126.87
1990-4-11 17:0:0,127.4
1990-4-11 18:0:0,126.59
1990-4-11 19:0:0,130.37
1990-4-11 20:0:0,133.65
1990-4-11 21:0:0,144.1
1990-4-11 22:0:0,142.76
1990-4-11 23:0:0,138.51
